Quad_Cat,Mean,Min,Max,MeanRR,MedianRR,MinRR,MaxRR,LF,HF,VLF,Ibi,Bpm,Sdnn,Sdsd,Rmssd,Pnn50,pnn20,Pnn50pnn20
1,9.40E-07,-0.741816124,0.919643098,1531,1562,14,3130,1.19E-09,2.23E-06,4.40E-11,763.8231579,78.55952204,245.8757887,469.0529087,102253.7461,0.478902954,0.481012658,0.995614035
0,4.33E-07,-0.38680876,0.452852538,1582,1599,1336,1695,1.06E-10,1.28E-07,2.95E-12,794.1735537,75.57380108,240.8139839,468.7808272,127309.4367,0.477178423,0.477178423,1
0,9.03E-06,-0.311828733,0.398468013,1637,1659.5,1421,1798,2.68E-09,6.23E-08,8.18E-10,781.6612903,76.86879552,263.0732722,492.5614716,130746.3059,0.459459459,0.459459459,1
3,-1.61E-05,-0.33081728,0.405026418,1724,1727,1574,1895,1.35E-08,1.35E-07,4.15E-09,720.92,83.24153411,243.2807437,419.7978843,163218.7363,0.424749164,0.43812709,0.969465649
1,3.10E-06,-0.30337526,0.390093332,1634,1654,1354,1837,7.95E-10,1.14E-07,2.69E-10,779.4172043,77.04453207,266.3037439,502.9144611,121215.41,0.480603448,0.487068966,0.986725664
2,2.87E-05,-0.322879936,0.41884709,1545,1571.5,1270,1779,6.49E-08,2.89E-07,2.15E-08,764.6075388,78.48403116,255.7090812,492.4841785,107366.4534,0.493333333,0.493333333,1
2,-1.92E-05,-0.321923881,0.4403518,1489,1513,1178,1721,2.94E-08,1.75E-07,9.56E-09,745.276087,80.47739446,232.243135,441.7738541,115639.0579,0.479302832,0.479302832,1
2,-6.51E-06,-0.274164416,0.357305596,1395,1376,1148,1711,2.46E-09,8.93E-08,6.85E-10,757.8770764,79.16673948,255.5275336,383.3385916,137529.0829,0.476666667,0.486666667,0.979452055
0,-1.54E-05,-0.318349188,0.432836943,1608,1629.5,1294,1782,1.73E-08,2.30E-07,5.27E-09,765.2005141,78.44083751,247.479055,450.2004223,143662.9239,0.43556701,0.443298969,0.98255814
1,2.61E-05,-0.340873682,0.439093225,1660,1672,1474,1803,4.76E-08,2.33E-07,1.64E-08,791.4332494,75.74652194,275.470175,522.0886031,117570.7226,0.477272727,0.477272727,1
3,-1.36E-05,-0.324321058,0.450139017,1674,1689,1491,1813,6.46E-09,1.80E-07,1.87E-09,760.4611399,79.03903741,256.2172204,456.1144733,140982.5478,0.442708333,0.442708333,1
3,-2.69E-06,-0.299382595,0.389383924,1605,1600.5,1440,1772,1.03E-09,1.21E-07,8.36E-11,794.1079545,75.56621294,258.9044988,506.8962086,77849.26191,0.497142857,0.497142857,1
1,-2.33E-05,-0.377256526,0.412286158,1591,1599,1334,1764,4.68E-08,3.62E-07,1.53E-08,730.4768612,82.19042432,238.4804932,309.5820185,121103.7761,0.413306452,0.481854839,0.857740586
0,-8.41E-06,-0.372207163,0.389334551,1496,1493,1384,1628,4.80E-09,2.83E-07,1.02E-09,1142.482143,52.55955713,370.0718234,374.358399,220286.4892,0.275449102,0.335329341,0.821428571
0,5.26E-05,-0.368753934,0.384403937,1547,1550,1458,1631,8.63E-08,2.96E-07,2.76E-08,848.7134503,70.70284935,315.4693427,387.3282677,166505.7217,0.370588235,0.4,0.926470588
3,3.87E-05,-0.374736508,0.440402883,1547,1562,1244,1764,8.18E-08,8.76E-07,2.41E-08,739.7465753,81.02913454,270.1597526,396.5042782,159161.2329,0.419243986,0.494845361,0.847222222
1,7.63E-05,-0.375880811,0.416544707,1628,1646,1352,1791,4.60E-07,1.53E-06,1.63E-07,655.0307971,91.42838248,216.2294242,258.1665917,115234.6352,0.355716878,0.499092559,0.712727273
2,-2.94E-05,-0.362904297,0.44541909,1405,1388,1181,1803,7.07E-08,4.32E-07,2.25E-08,930.7810811,64.41941496,327.4328125,333.0237318,166664.4757,0.319783198,0.420054201,0.761290323
2,-2.33E-06,-0.367291076,0.439520448,1385,1403,1116,1664,8.49E-10,1.21E-07,1.48E-10,1182.613793,50.80026418,295.5924078,286.3634362,156904.0457,0.252595156,0.346020761,0.73
2,4.80E-05,-0.381913338,0.451141314,1346,1326,1157,1665,1.20E-07,5.42E-07,3.69E-08,1037.490909,57.93327624,295.1659855,315.6515893,148198.3684,0.264840183,0.351598174,0.753246753
0,-3.15E-06,-0.3799006,0.412106083,1604,1610,1381,1750,7.75E-10,1.78E-07,2.18E-10,745.5438596,80.45214103,238.7211804,337.7409228,111234.6746,0.427135678,0.484924623,0.880829016
1,-1.86E-05,-0.391450514,0.434655067,1656,1659,1490,1769,2.76E-08,3.09E-07,8.37E-09,621.0098814,96.49117242,175.913106,247.275555,114081.4326,0.382178218,0.516831683,0.739463602
3,1.69E-05,-0.378197489,0.464194137,1568,1559,1315,1725,9.59E-09,7.30E-08,2.85E-09,746.377551,80.26129056,265.0244893,443.4781329,158756.6826,0.441025641,0.497435897,0.886597938
3,0.000197341,-0.38477835,0.425825264,1681,1700,1492,1782,1.19E-06,3.53E-06,3.90E-07,605.987013,99.04723956,136.5813422,210.9981115,102314.8442,0.32173913,0.495652174,0.649122807
1,1.26E-05,-0.365843684,0.492099404,1588,1756.5,18,2054,1.30E-08,3.46E-08,4.44E-09,849.6487119,70.63755343,247.8121281,468.9710796,92083.3543,0.478873239,0.483568075,0.990291262
0,1.25E-05,-0.31886873,0.417124156,1516,1683.5,16,1777,6.56E-09,1.46E-08,2.17E-09,844.4801762,70.90875163,247.5978039,493.8379853,38458.12069,0.5,0.5,1
0,3.98E-05,-0.316681482,0.414405,1625,1630,1023,2129,5.03E-08,1.10E-07,1.58E-08,813.8547486,73.99135397,226.538714,448.1861296,53833.03037,0.5,0.5,1
3,-5.25E-06,-0.368184834,0.458995251,1596,1778,17,1839,2.26E-09,3.74E-07,4.48E-10,869.6330645,68.86093686,276.3343114,530.4827654,86555.98198,0.48582996,0.48582996,1
1,6.65E-06,-0.344184226,0.472329225,1590,1771,17,2404,3.59E-09,1.84E-08,1.24E-09,829.3340961,72.41524688,259.2499444,473.1462837,117488.6028,0.470183486,0.470183486,1
2,4.59E-05,-0.350083575,0.517126254,1575,1673,14,3368,1.60E-07,3.79E-07,5.48E-08,822.9522673,72.92763958,249.4354822,468.0735206,126169.6052,0.488038278,0.488038278,1
2,3.73E-06,-0.334534003,0.440696337,1519,1674,17,2190,1.12E-09,4.64E-09,3.63E-10,833.43309,71.92339809,243.2510689,480.7202148,58416.40993,0.497560976,0.497560976,1
2,-3.38E-05,-0.356258272,0.470521487,1520,1663,16,1798,5.66E-08,1.13E-07,1.83E-08,831.2335766,72.0889184,241.6661376,476.2551161,62237.85397,0.501831502,0.501831502,1
0,-5.29E-06,-0.332795492,0.43883934,1721,1736,20,2291,2.86E-09,3.18E-08,6.33E-10,854.3390805,70.19449305,251.6135971,493.5154241,70517.7029,0.492795389,0.492795389,1
1,2.09E-06,-0.358669446,0.466282041,1597,1715.5,17,2078,2.96E-09,7.57E-08,1.56E-10,818.875,73.27238931,239.8248058,447.6057493,107991.8983,0.477806789,0.485639687,0.983870968
3,5.52E-05,-0.341027822,0.490130144,1520,1717.5,17,3412,9.70E-08,2.11E-07,3.04E-08,797.2554348,75.37227794,245.4785587,435.0445111,120388.9315,0.448087432,0.453551913,0.987951807
3,-3.91E-07,-0.346305144,0.470417338,1582,1778,17,2031,1.21E-09,3.91E-08,2.38E-11,790.180791,75.99314069,253.1692029,440.3677569,137880.5654,0.4375,0.4375,1
1,5.40E-05,-0.450431008,0.537260964,1729,1723,1347,2442,2.32E-07,8.89E-07,8.15E-08,751.9233954,79.87985014,210.886231,368.625883,129214.2244,0.43153527,0.46473029,0.928571429
0,2.49E-06,-0.421412411,0.552221299,1872,1848,1540,2395,4.50E-10,2.73E-07,8.72E-11,700.729927,85.52590657,178.0732443,284.8536671,118122.9224,0.373626374,0.395604396,0.944444444
0,1.46E-05,-0.419928444,0.571919631,1623,1643,1243,1809,1.02E-08,2.21E-07,2.19E-09,784.4162162,76.45773244,230.7327336,422.5661136,134009.4334,0.451086957,0.467391304,0.965116279
3,1.10E-05,-0.431684486,0.596172618,1469,1483,1181,1754,6.18E-09,2.46E-07,1.96E-09,739.6027397,81.02913454,160.5022075,281.5245971,94198.55527,0.412371134,0.4604811,0.895522388
1,8.60E-06,-0.417211569,0.52846552,1776,1748,1326,2363,6.30E-09,1.59E-07,2.08E-09,750.4223602,80.02050112,211.2661614,366.3142646,126029.3233,0.423236515,0.437759336,0.966824645
2,-3.00E-05,-0.421794981,0.534368881,1677,1684,1318,2162,6.96E-08,3.34E-07,2.33E-08,765.2150776,78.48403116,221.0063866,391.2075598,133547.917,0.415555556,0.437777778,0.949238579
2,1.25E-05,-0.430545089,0.52403644,1669,1692,1206,2118,1.40E-08,4.85E-07,4.08E-09,774.0993228,77.50968144,228.4168876,398.9503592,142608.1949,0.42760181,0.450226244,0.949748744
2,1.82E-05,-0.417413204,0.482942973,1671,1703,1234,1971,1.82E-08,1.16E-07,5.33E-09,747.3344262,80.21530557,228.1118786,391.4767122,140650.6904,0.424342105,0.4375,0.969924812
0,2.73E-06,-0.407368303,0.547288774,1704,1708.5,1305,2224,5.66E-10,1.11E-07,1.64E-10,738.9354839,81.25666244,199.2112382,336.9442859,121389.189,0.407960199,0.432835821,0.942528736
1,-2.84E-05,-0.426636479,0.582282715,1719,1719,1265,2397,5.47E-08,2.64E-07,1.93E-08,728.3032407,82.40764824,198.2465571,338.3702126,124470.2154,0.415313225,0.438515081,0.947089947
3,0.000103725,-0.40858616,0.564242738,1591,1590,1291,1898,3.53E-07,1.53E-06,1.08E-07,767.6596859,78.22420197,214.0098701,388.3934007,115107.4182,0.473684211,0.473684211,1
3,6.20E-05,-0.420403338,0.559046714,1743,1761,1342,2112,1.20E-07,8.84E-07,3.85E-08,735.9052632,81.54320153,209.740219,357.7679657,130406.9414,0.428571429,0.444444444,0.964285714
1,-3.48E-05,-0.862087757,1.127704254,1704,1701.5,1489,1927,1.05E-07,9.90E-07,3.40E-08,877.3333333,68.49202027,202.5813369,351.1459356,97096.74082,0.489104116,0.493946731,0.990196078
0,9.87E-05,-0.878535671,1.121114757,1577,1584,1398,1732,4.40E-07,1.85E-06,1.37E-07,984,60.95664614,331.7187255,418.6806509,218993.4009,0.396907216,0.443298969,0.895348837
0,0.000152439,-0.890837632,1.157008809,1692,1681,1492,1959,7.94E-07,3.66E-06,2.33E-07,873.439759,68.64753396,201.8894917,340.4856238,87480.91814,0.478787879,0.484848485,0.9875
3,4.28E-05,-0.779298221,1.027161299,1840,1843,1631,2174,9.30E-08,1.01E-06,2.94E-08,627.7296512,95.40973179,125.5867376,206.7815896,78505.77595,0.565597668,0.61516035,0.91943128
1,-2.36E-06,-0.898300658,1.180089264,1711,1718,1431,1917,4.43E-10,3.23E-07,1.55E-10,897.1287129,66.95930362,221.6576798,359.4319464,111429.881,0.476426799,0.481389578,0.989690722
2,-4.46E-05,-0.93085656,1.223771281,1719,1708,1448,2125,1.65E-07,1.09E-06,5.20E-08,871.3459596,68.93398312,247.4446556,345.5063854,125131.0891,0.470886076,0.486075949,0.96875
2,-4.68E-05,-0.835058119,1.095911221,1748,1747,1517,2111,1.88E-07,1.34E-06,5.74E-08,793.5150115,75.76396789,230.0413365,296.4589437,99774.2489,0.490740741,0.527777778,0.929824561
2,2.18E-05,-0.827996265,1.110188602,1747,1742,1531,1955,2.35E-08,2.89E-07,7.61E-09,859.0601504,69.99178623,216.298779,330.7680727,100407.5614,0.490566038,0.501886792,0.977443609
0,2.48E-05,-0.875260273,1.127654951,1647,1645.5,1491,1857,4.37E-08,2.25E-07,1.36E-08,875.1411765,68.58545023,228.4143244,358.9353073,143254.5189,0.466076696,0.480825959,0.969325153
1,-0.000213284,-0.915739339,1.214498561,1667,1676,1368,1975,3.12E-06,7.87E-06,1.09E-06,941.5628743,63.7564946,274.8584294,386.8991368,164856.6862,0.447447447,0.462462462,0.967532468
3,-4.63E-06,-0.768956618,1.0204047,1829,1813,1646,2075,2.33E-08,1.59E-06,5.68E-10,652.7555556,92.0764044,149.3619252,206.9350335,58990.3347,0.53125,0.59375,0.894736842
3,-7.13E-05,-0.880832744,1.174337388,1760,1745,1565,2076,1.70E-07,1.38E-06,5.11E-08,790.9039548,75.99314069,261.240796,323.4192581,155227.1526,0.477272727,0.528409091,0.903225806
1,-2.81E-05,-0.352172213,0.323565398,1607,1596,1391,2078,6.23E-08,1.63E-07,2.20E-08,786.2711497,76.24894786,179.5110925,311.0607483,103872.273,0.47826087,0.541304348,0.883534137
0,-2.38E-05,-0.342756406,0.307827059,1648,1586,1442,3167,2.44E-08,9.16E-08,7.97E-09,737.2068966,81.48286372,203.6986057,343.104709,108849.1972,0.411538462,0.469230769,0.87704918
0,-8.36E-05,-0.346879305,0.264465142,1593,1581,1398,1992,2.35E-07,8.08E-07,7.01E-08,764.7,78.51304783,199.8396186,353.2589891,111244.4658,0.46031746,0.497354497,0.925531915
3,7.35E-07,-0.331091973,0.302835663,1436,1427,1026,2987,7.72E-11,9.52E-08,9.43E-12,756.5664336,79.36983485,262.1997866,389.2083998,143983.5432,0.459649123,0.505263158,0.909722222
1,-3.58E-05,-0.34353219,0.291495064,1632,1615.5,1406,2227,1.04E-07,4.30E-07,3.59E-08,799.3267108,75.0605527,163.5516515,277.6651543,94530.95065,0.475663717,0.528761062,0.89958159
2,1.06E-05,-0.345344186,0.306564939,1531,1515,1283,1809,9.68E-09,1.34E-07,2.97E-09,765.9711111,78.31039393,200.9284927,368.956033,96190.79105,0.485523385,0.516703786,0.939655172
2,5.23E-05,-0.350205344,0.293148454,1569,1537,1338,4769,2.13E-07,6.27E-07,7.11E-08,755.4581498,79.42996634,204.6925098,373.9953017,98900.78481,0.494481236,0.527593819,0.937238494
2,1.83E-05,-0.331591044,0.258873899,1557,1555,1384,1723,1.73E-08,8.65E-08,5.36E-09,740.4707792,81.00173013,209.1597657,370.4363574,112284.2619,0.442996743,0.508143322,0.871794872
0,4.67E-05,-0.329034078,0.252851496,1476,1468.5,1313,1698,1.49E-07,4.35E-07,4.81E-08,739.9800995,81.05553209,236.9385789,431.0650525,124371.6158,0.488778055,0.516209476,0.946859903
1,1.66E-05,-0.336240206,0.273201154,1591,1566,1394,1935,1.92E-08,1.15E-07,6.63E-09,792.0579345,75.74652194,170.7511164,310.4953595,93168.79797,0.47979798,0.515151515,0.931372549
3,7.45E-05,-0.322096645,0.256800948,1406,1395,1209,1687,1.78E-07,3.83E-07,5.56E-08,760.3626943,79.03903741,247.2448453,371.5396504,121640.916,0.46875,0.526041667,0.891089109
3,6.42E-05,-0.333779585,0.240192078,1452,1419,1295,4421,1.25E-07,3.22E-07,4.13E-08,710.3604061,84.53169583,195.8022338,376.6335416,59473.58789,0.525510204,0.540816327,0.971698113
1,7.41E-05,-0.397405812,0.348760992,1639,1584,1378,5316,4.47E-07,1.48E-06,1.54E-07,794.5886214,75.58878381,250.0755976,492.5408963,61394.03971,0.5,0.5,1
0,-3.29E-05,-0.408753344,0.330924948,13901,4554,1398,95905,5.92E-08,5.83E-07,1.54E-08,810.6329114,74.0187846,256.3231829,483.2436069,103121.8012,0.487288136,0.508474576,0.958333333
0,-8.91E-06,-0.396687028,0.315349182,7743,2341,1469,37179,4.31E-09,1.70E-07,8.21E-10,804.4388889,74.40241705,258.124715,485.2561151,100463.1537,0.502793296,0.519553073,0.967741935
3,8.53E-06,-0.388425051,0.370610339,1210,1156.5,1029,2981,6.45E-09,2.10E-07,1.22E-09,669.7430341,89.6021829,172.3589536,187.3884919,61963.4224,0.344720497,0.444099379,0.776223776
1,8.96E-05,-0.401235013,0.382873981,1741,1624,1442,7467,6.41E-07,2.40E-06,2.25E-07,763.4345992,78.5325166,250.6510782,464.3803169,114355.419,0.509513742,0.522198732,0.975708502
2,-8.75E-06,-0.440508876,0.346286071,1736,1712,1509,2160,9.69E-09,3.31E-07,2.06E-09,683.2316832,87.86044196,205.4858232,331.9414003,132346.7537,0.396825397,0.503968254,0.787401575
2,-1.86E-05,-0.428979644,0.351552482,1725,1646,1521,7230,2.84E-08,1.98E-07,8.99E-09,748.6921397,80.12825176,241.6671788,428.6553219,121997.7,0.47702407,0.520787746,0.915966387
2,7.28E-05,-0.431542878,0.347218127,1758,1743.5,1479,3722,2.87E-07,1.63E-06,8.51E-08,666.3527697,90.17668339,195.4793936,305.7767863,134509.9828,0.400584795,0.540935673,0.740540541
0,2.53E-05,-0.424501384,0.348430287,4378,1564,1406,39591,4.69E-08,4.15E-07,1.42E-08,772.9506494,77.6363161,236.2465038,436.6320613,101588.8182,0.489583333,0.5078125,0.964102564
1,-8.68E-05,-0.409180946,0.393321972,1836,1692,1432,5839,5.41E-07,2.51E-06,1.81E-07,648.7298969,92.49449664,177.8707258,289.2332027,118682.9022,0.386363636,0.5,0.772727273
3,4.25E-05,-0.390809921,0.297385856,4795,1577,1253,28997,6.20E-08,2.44E-07,1.81E-08,783.3368984,76.5945311,229.9247468,441.8388666,95991.89799,0.494623656,0.494623656,1
3,8.09E-05,-0.430398014,0.344277014,3374,1444,1372,15294,2.16E-07,1.11E-06,6.59E-08,774.0994475,77.70085172,205.5033735,395.4952543,71863.57167,0.5,0.505555556,0.989010989
1,4.23E-05,-0.326266689,0.373479679,1835,1834,1527,2101,1.41E-07,5.31E-07,5.00E-08,877.5786925,68.32697925,217.0449719,288.8392613,182310.1994,0.339805825,0.427184466,0.795454545
0,0.000101419,-0.304472896,0.362678763,1748,1743,1612,1904,4.58E-07,1.80E-06,1.44E-07,875.4840183,68.42072526,212.5291352,394.178392,85932.05397,0.486238532,0.490825688,0.990654206
0,0.00013522,-0.338144626,0.39964669,1769,1778,1523,1958,6.22E-07,2.50E-06,1.83E-07,912.4654088,65.77009242,271.7038894,448.7361638,171875.5346,0.455696203,0.474683544,0.96
3,-8.79E-05,-0.373233896,0.383336782,1882,1867.5,1669,2114,4.19E-07,1.28E-05,1.24E-07,794.9705882,75.49813559,213.8032679,276.2272059,150204.7891,0.302583026,0.354243542,0.854166667
1,4.96E-05,-0.358313782,0.403581712,1893,1897,1644,2194,1.93E-07,7.26E-07,6.90E-08,804.5111111,74.56455786,207.711041,251.4874044,118688.0057,0.345211581,0.383073497,0.901162791
2,7.85E-07,-0.340432775,0.387325675,1782,1778.5,1454,2176,2.40E-10,9.36E-08,1.87E-11,904.4304462,66.32942457,251.4335351,442.6035858,148745.4474,0.468421053,0.471052632,0.994413408
2,2.36E-05,-0.280695093,0.322895597,1757,1759.5,1550,1935,4.79E-08,4.27E-07,1.46E-08,917.689008,65.28968662,273.1809637,475.4666053,209421.4713,0.470430108,0.470430108,1
2,-3.21E-05,-0.329160978,0.400539499,1822,1817,1528,2268,6.11E-08,9.73E-07,1.66E-08,934.2459016,64.22467276,269.4802621,466.4043771,196030.4016,0.465020576,0.477366255,0.974137931
0,4.44E-05,-0.319835039,0.3779492,1856,1845,1659,2140,1.40E-07,9.72E-07,4.35E-08,931.15625,64.56284318,239.5384376,403.5629337,170610.6563,0.407523511,0.460815047,0.884353741
1,-4.57E-05,-0.339746932,0.382781235,1819,1825,1610,1987,1.51E-07,9.38E-07,5.03E-08,915.0145349,65.65967354,228.1825624,391.8622283,167842.9586,0.413994169,0.451895044,0.916129032
3,0.000172118,-0.337363609,0.40892515,1893,1890,1723,2183,9.98E-07,5.67E-06,2.97E-07,745.7244898,80.26129056,200.2047819,261.341686,107483.3982,0.323076923,0.338461538,0.954545455
3,8.74E-06,-0.330530665,0.367956056,1830,1825,1666,1950,1.13E-08,1.08E-06,9.25E-10,861.3024691,69.58922434,185.081033,243.4311508,111313.8511,0.354037267,0.434782609,0.814285714
1,-8.44E-06,-0.803056089,0.694251105,1532,1516.5,1318,4080,6.55E-09,3.65E-08,2.01E-09,915.0656566,65.52128204,294.3474991,353.5223413,162990.6721,0.405063291,0.430379747,0.941176471
0,-0.00010614,-0.774489408,0.728040426,1516,1528,1272,1725,4.74E-07,1.07E-06,1.58E-07,898.7336449,66.86570878,271.6739887,325.8824877,137383.0345,0.436619718,0.450704225,0.96875
0,-2.40E-05,-0.756060621,0.651038568,1475,1480.5,1256,1714,1.85E-08,4.81E-08,5.77E-09,976.8918919,61.24839857,318.4961737,330.7570575,156732.0636,0.37414966,0.421768707,0.887096774
3,1.49E-05,-0.741109971,0.677364575,1550,1553,1372,1725,1.05E-08,2.64E-08,3.54E-09,841.7773438,71.07333644,230.4495972,318.7260653,112134.6678,0.458823529,0.474509804,0.966942149
1,-2.60E-05,-0.733503589,0.670961221,1483,1485.5,1219,1875,6.00E-08,3.35E-07,1.91E-08,955.7150396,62.82601328,308.756042,315.6527555,143778.9747,0.367724868,0.417989418,0.879746835
2,1.61E-05,-0.692534336,0.658345817,1557,1561,1378,1803,2.06E-08,8.04E-08,6.79E-09,861.0875,69.62853207,240.6482492,325.8149258,126195.8479,0.45112782,0.461152882,0.97826087
2,1.49E-05,-0.758616436,0.649264624,1484,1481,1316,1761,2.29E-08,2.28E-07,5.90E-09,971.3626062,61.79825952,322.1569198,347.5985695,173259.3529,0.369318182,0.411931818,0.896551724
2,2.22E-05,-0.674749892,0.624533118,1569,1577,1389,1743,2.64E-08,1.12E-07,7.94E-09,868.6984733,68.94322015,246.9384073,354.8225197,147764.2658,0.455938697,0.459770115,0.991666667
0,4.64E-05,-0.728938047,0.677073286,1521,1514,1343,1749,1.47E-07,4.64E-07,4.75E-08,938.8580442,63.95945212,305.3515872,345.880016,162846.4526,0.39556962,0.430379747,0.919117647
1,8.14E-05,-0.759410437,0.701669022,1531,1534,1309,1841,4.44E-07,9.35E-07,1.59E-07,928.0798817,64.51776618,290.2725655,324.3471073,141426.3573,0.40652819,0.427299703,0.951388889
3,-8.89E-05,-0.686905657,0.626824677,1531,1538,1366,1715,2.63E-07,8.70E-07,7.93E-08,860.852071,69.26101216,254.5910435,334.4681423,136414.6048,0.446428571,0.452380952,0.986842105
3,-0.000168923,-0.694827974,0.636206406,1517,1517.5,1379,1638,8.88E-07,2.82E-06,2.86E-07,849.0787879,70.87000761,250.8100812,338.7276945,143193.4436,0.43902439,0.457317073,0.96
1,1.60E-05,-0.546658984,0.428271352,1614,1604,1463,1977,2.12E-08,6.70E-08,7.17E-09,715.3925049,83.84083445,217.6103356,382.6835499,107880.4362,0.444664032,0.446640316,0.995575221
0,-5.15E-05,-0.520572583,0.423067166,1687,1684,1516,1848,1.17E-07,4.42E-07,3.73E-08,651.1186441,92.0569758,180.4422894,285.4242867,116000.2614,0.363945578,0.428571429,0.849206349
0,7.60E-05,-0.527365928,0.422216028,1683,1689,1563,1788,1.91E-07,6.09E-07,5.79E-08,634.720524,94.54450785,171.2456561,264.8795868,111881.2409,0.372807018,0.394736842,0.944444444
3,1.85E-05,-0.513199521,0.41920234,1558,1570.5,168,1866,1.69E-08,4.90E-08,5.46E-09,722.3946488,82.96498417,208.7909889,376.8649819,92293.0372,0.453020134,0.466442953,0.971223022
1,2.66E-05,-0.528215874,0.418614553,1632,1628,1376,1903,5.51E-08,1.28E-07,1.98E-08,692.6137667,86.63376568,205.2004103,345.3432614,110795.3035,0.425287356,0.438697318,0.969432314
2,-3.07E-05,-0.565843099,0.462721648,1589,1578,1390,1855,7.43E-08,2.78E-07,2.46E-08,682.4871287,87.86044196,189.6754819,326.1923719,95742.25757,0.418650794,0.446428571,0.937777778
2,1.51E-05,-0.547246333,0.439090079,1683,1690,1474,1843,1.82E-08,4.32E-07,5.96E-09,670.9823875,89.38053355,185.7065992,282.4469684,108774.3331,0.394117647,0.447058824,0.881578947
2,-5.98E-06,-0.516471508,0.410097583,1617,1626,1416,1785,2.41E-09,5.60E-08,5.82E-10,699.6226994,85.72027752,209.7563924,356.4844374,110236.7291,0.427692308,0.44,0.972027972
0,2.43E-05,-0.518059839,0.404851867,1651,1648.5,1428,1840,3.88E-08,9.04E-08,1.30E-08,679.8835616,88.29622478,204.2913079,335.704502,118656.0979,0.411899314,0.42791762,0.962566845
1,1.55E-05,-0.51808354,0.388746112,1595,1577.5,1445,3118,1.72E-08,6.64E-08,5.79E-09,746.1662708,80.3141514,229.278142,428.2005051,88001.8966,0.471428571,0.480952381,0.98019802
3,4.61E-05,-0.543555625,0.445412641,1642,1643,1272,2907,7.03E-08,2.70E-07,2.12E-08,643.0789474,93.29865756,141.4265754,231.6779271,69578.04922,0.334801762,0.440528634,0.76
3,-8.51E-06,-0.564314236,0.449127253,1640,1631,1404,1901,3.98E-09,8.84E-08,7.56E-10,690.9851485,86.66633461,204.2034386,344.1644798,113081.7694,0.422885572,0.427860697,0.988372093
1,-3.97E-05,-0.533668112,0.592190512,2157,2181,1588,2524,1.19E-07,5.63E-07,4.39E-08,727.9859438,82.35546533,127.6680159,201.9642975,55900.87591,0.398390342,0.438631791,0.908256881
0,-1.70E-05,-0.415072126,0.449518284,2211,2230,1692,2444,1.48E-08,3.73E-07,4.09E-09,738.7076923,81.17186042,122.7680393,201.1440748,37043.15443,0.393822394,0.44015444,0.894736842
0,-7.50E-05,-0.453403902,0.501193192,2132,2137,1754,2424,1.90E-07,1.14E-06,5.64E-08,714.1428571,83.85686784,125.2720951,196.2573861,54313.32006,0.391089109,0.415841584,0.94047619
3,4.88E-05,-0.501623338,0.540751669,1652,1636,718,2135,1.15E-07,7.32E-07,3.81E-08,723.3946488,82.96498417,199.741986,346.7399898,132865.568,0.429530201,0.456375839,0.941176471
1,-4.63E-05,-0.514476411,0.596667236,2236,2251,1717,2615,1.60E-07,4.81E-07,5.98E-08,749.8571429,80.02050112,140.2749529,223.3162048,64889.90611,0.419087137,0.439834025,0.952830189
2,2.06E-05,-0.513368566,0.516952809,1871,1905.5,1381,2246,3.12E-08,2.24E-07,1.10E-08,680.5601578,88.20771644,139.5868722,233.2917876,76030.50747,0.359683794,0.395256917,0.91
2,1.07E-05,-0.490749474,0.500792174,1934,1979,1425,2351,8.27E-09,2.21E-07,2.95E-09,694.4878543,86.41282052,138.8360043,227.7746816,74444.20556,0.354969574,0.39148073,0.906735751
2,1.35E-05,-0.477311181,0.519575129,2164,2194,1584,2499,1.08E-08,9.11E-07,2.95E-09,734.4951768,81.7881547,136.9926388,218.0104453,53211.48985,0.409677419,0.448387097,0.913669065
0,-3.03E-06,-0.430277226,0.467369729,2128,2168,1529,2455,8.43E-10,2.33E-07,2.05E-10,724.7341463,82.66457491,136.6677476,217.7341021,62236.91511,0.393643032,0.413202934,0.952662722
1,2.36E-05,-0.510999088,0.541724272,2241,2267.5,1668,2576,4.21E-08,9.59E-07,1.34E-08,745.4146919,80.5044693,129.2932523,201.6401227,43040.38632,0.399049881,0.427553444,0.933333333
3,3.83E-05,-0.496034498,0.566992224,2100,2127,1709,2350,4.70E-08,3.39E-07,1.47E-08,704.5288462,85.15030319,107.1733819,171.7104386,35079.32899,0.342995169,0.367149758,0.934210526
3,8.69E-05,-0.472597911,0.543690872,2139,2181,1637,2500,2.24E-07,5.57E-07,7.55E-08,719.5670103,83.25091256,134.6105806,209.5893056,52170.67305,0.388601036,0.435233161,0.892857143
1,3.42E-05,-0.52799359,0.595232684,1662,1644,1279,2231,9.83E-08,3.95E-07,3.29E-08,913.0806045,65.68632305,240.2442996,341.9375443,133358.3159,0.436868687,0.457070707,0.955801105
0,5.73E-05,-0.514851169,0.55862121,1687,1690,1383,1947,1.51E-07,7.18E-07,4.61E-08,859.1071429,69.97574174,181.7240774,325.3760482,47707.69667,0.493273543,0.493273543,1
0,-1.20E-05,-0.597678839,0.623365014,1650,1589,1166,3164,1.40E-08,5.46E-07,1.59E-09,994.1164384,60.42627241,265.2563121,337.2717937,150989.6507,0.379310345,0.386206897,0.982142857
3,-4.82E-05,-0.546860219,0.588771145,1790,1775.5,1558,2249,1.16E-07,4.43E-07,3.72E-08,806.130597,74.3919358,225.0524518,334.3532095,109656.5731,0.471910112,0.516853933,0.913043478
1,-3.26E-05,-0.543639587,0.589945461,1671,1669.5,1292,2214,8.68E-08,6.94E-07,2.98E-08,861.1833333,69.60460945,190.3996104,320.6128501,81122.10856,0.465393795,0.479713604,0.970149254
2,4.99E-06,-0.517423411,0.573264418,1727,1722,1419,2105,2.12E-09,7.88E-08,6.51E-10,860.4339152,69.80216931,211.0747613,353.7545053,109237.6086,0.47,0.48,0.979166667
2,6.56E-05,-0.568563683,0.587715904,1697,1691,1334,2862,3.43E-07,1.55E-06,1.12E-07,882.1752577,67.90825693,273.2455189,376.1627447,154343.2675,0.447028424,0.485788114,0.920212766
2,0.000130511,-0.558769295,0.60740389,1779,1756,1434,3602,8.77E-07,3.21E-06,2.73E-07,800.4105263,74.97247514,250.8032637,357.1717042,177346.3626,0.443661972,0.48943662,0.90647482
0,4.86E-05,-0.510428793,0.577237823,1758,1755.5,1481,2122,1.67E-07,8.75E-07,5.21E-08,879.5502959,68.18318953,204.3607557,345.1037968,89777.86558,0.465875371,0.483679525,0.963190184
1,1.13E-05,-0.520338878,0.581097753,1694,1684,1393,2095,8.74E-09,6.80E-08,3.04E-09,870.8060942,68.89507774,198.726391,322.2023556,82042.55994,0.477777778,0.488888889,0.977272727
3,-3.94E-06,-0.551103255,0.609445202,1837,1818,1554,2333,8.80E-10,1.93E-07,1.59E-10,746.4336735,80.26129056,224.9858515,308.2886233,115081.2696,0.497435897,0.538461538,0.923809524
3,3.11E-06,-0.540762576,0.582905539,1691,1695.5,1397,2043,2.36E-10,4.47E-08,9.52E-11,910.6666667,65.74687453,235.4135841,323.3505713,101220.7926,0.460526316,0.473684211,0.972222222
1,-3.20E-05,-0.760645352,0.818185787,1702,1710.5,1255,1966,8.55E-08,3.79E-07,2.87E-08,725.792,82.68554736,220.8559909,336.1247567,150494.8459,0.458917836,0.517034068,0.887596899
0,-8.74E-07,-0.733085007,0.774113372,1597,1579.5,1377,1982,1.78E-09,1.10E-07,3.99E-11,796.9045643,75.26279779,153.4267069,257.7150873,108487.9947,0.479166667,0.483333333,0.99137931
0,0.00019291,-0.730887972,0.794546871,1598,1612,1274,1823,1.17E-06,2.39E-06,3.72E-07,799.0879121,75.22454321,119.639123,207.969431,19539.29047,0.497237569,0.497237569,1
3,-7.33E-05,-0.71993386,0.764957119,1525,1571.5,1164,1814,2.65E-07,8.27E-07,8.61E-08,779.5270758,76.88088533,251.5273851,379.4989365,147496.903,0.40942029,0.423913043,0.965811966
1,-2.72E-05,-0.708352933,0.758838417,1714,1740,1266,2016,6.00E-08,2.53E-07,2.08E-08,714.6193294,83.98845985,218.4394695,323.2517473,136669.509,0.42687747,0.488142292,0.874493927
2,-1.27E-05,-0.750056087,0.827820627,1586,1591,1261,1961,1.26E-08,8.72E-08,4.18E-09,880.5459184,68.23943417,221.8354394,288.3222344,107089.438,0.450127877,0.460358056,0.977777778
2,-8.97E-05,-0.691352505,0.748389288,1649,1657,1302,1897,6.33E-07,1.98E-06,2.10E-07,817.5095238,73.49454028,179.1034881,284.9922532,88486.23594,0.448687351,0.45823389,0.979166667
2,-6.03E-05,-0.74236139,0.764762431,1625,1634,1358,1837,1.89E-07,6.99E-07,5.83E-08,824.299639,72.87534297,161.9956113,270.5618153,42982.14917,0.492753623,0.496376812,0.99270073
0,2.21E-05,-0.710640424,0.730105019,1688,1690,1469,2000,3.35E-08,1.28E-07,1.08E-08,842.6288952,71.20014481,157.7619714,278.9227414,127480.2145,0.454545455,0.463068182,0.981595092
1,9.20E-05,-0.694962545,0.748916214,1718,1717,1315,2118,5.94E-07,1.90E-06,2.04E-07,735.296729,81.64637666,232.2224467,356.6707574,153977.6241,0.466042155,0.508196721,0.917050691
3,9.63E-05,-0.742313756,0.78066239,1507,1508.5,1332,1782,3.17E-07,1.40E-06,9.31E-08,811.9777778,73.74260707,213.2538903,336.7207048,146519.1336,0.441340782,0.441340782,1
3,-0.000112463,-0.696621288,0.746381631,1644,1665.5,1334,1886,3.70E-07,7.73E-07,1.26E-07,850.8963415,70.44307986,193.3676083,310.4901889,86286.24683,0.472392638,0.472392638,1
1,-0.000117062,-0.591704647,0.551845537,1622,1631,1378,1840,1.11E-06,2.89E-06,3.84E-07,1040.186246,57.76435444,362.9094581,472.5513768,229809.804,0.416666667,0.448275862,0.929487179
0,5.97E-05,-0.577083617,0.531008199,1622,1632.5,1439,1742,1.50E-07,4.07E-07,5.00E-08,965.6834171,62.20065933,326.8023318,471.513557,207130.169,0.434343434,0.449494949,0.966292135
0,9.90E-05,-0.620367861,0.551366391,1633,1642,1435,1772,3.36E-07,1.49E-06,9.84E-08,985.9795918,60.83733549,343.9997918,478.0648439,221959.482,0.417808219,0.445205479,0.938461538
3,-6.54E-05,-0.577276128,0.522119522,1478,1473,1297,1718,2.13E-07,6.89E-07,6.85E-08,1170.210811,51.43829018,337.257707,386.6214701,219789.919,0.380434783,0.472826087,0.804597701
1,-6.11E-05,-0.585257856,0.551753105,1647,1654,1343,1913,3.02E-07,1.06E-06,1.05E-07,1040.37931,57.70073325,346.44563,449.0466531,209717.6796,0.42074928,0.46685879,0.901234568
2,1.69E-06,-0.615561373,0.553177869,1629,1635,1409,1777,2.21E-10,2.34E-08,7.45E-11,955.1555556,62.68304259,313.4543706,452.5928797,205364.8135,0.448467967,0.459610028,0.975757576
2,7.60E-05,-0.59168033,0.556656596,1643,1655.5,1414,1797,4.48E-07,1.28E-06,1.50E-07,929.1436314,64.5914012,294.1707438,451.429375,189067.7808,0.451086957,0.461956522,0.976470588
2,3.93E-05,-0.581335774,0.536781685,1654,1661,1463,1788,8.44E-08,4.29E-07,2.48E-08,933.9631148,64.22467276,296.1856603,452.8002888,191294.1148,0.46090535,0.465020576,0.991150442
0,-3.05E-05,-0.627810506,0.565596308,1656,1659,1409,1851,6.44E-08,2.61E-07,2.05E-08,1011.863946,59.33345401,334.3506579,446.0127402,202346.6086,0.440273038,0.467576792,0.941605839
1,0.000125683,-0.61161083,0.563055584,1626,1631,1434,1834,1.09E-06,2.72E-06,3.79E-07,1038.10596,57.66632198,365.5471387,458.3824479,222540.9762,0.418604651,0.458471761,0.913043478
3,1.77E-05,-0.559656837,0.518560926,1532,1528,1345,1754,1.30E-08,1.93E-07,3.20E-09,1061.362319,56.63106288,344.1173532,423.7609652,193122.0523,0.430656934,0.459854015,0.936507937
3,5.94E-05,-0.548457541,0.521050406,1576,1578.5,1319,1846,1.16E-07,6.17E-07,3.55E-08,1026.882353,58.48910267,329.1539301,428.9879016,202571.908,0.437037037,0.466666667,0.936507937
1,-4.85E-05,-0.547733967,0.697927422,1746,1758,1382,2098,2.03E-07,1.06E-06,6.60E-08,694.9001919,86.15140863,222.0576727,355.2535063,154791.0032,0.45,0.501923077,0.896551724
0,-7.31E-05,-0.47580229,0.632495676,1984,1972,1713,2257,2.27E-07,6.01E-07,7.48E-08,665.0761246,90.19095602,165.0936855,274.2724031,106987.7197,0.440972222,0.513888889,0.858108108
0,1.37E-06,-0.514981857,0.616847743,1891,1872,1631,2243,8.83E-11,1.40E-07,1.95E-11,652.8063063,91.66706631,175.8214526,272.0273153,106771.0969,0.461538462,0.556561086,0.829268293
3,-4.45E-05,-0.485230674,0.716108307,1741,1760,1386,2129,1.05E-07,2.33E-06,3.19E-08,701.9090909,85.45393369,238.2723358,251.4371501,91337.51201,0.465798046,0.553745928,0.841176471
1,5.63E-06,-0.486706847,0.645079224,1822,1842.5,1442,2226,3.75E-09,1.97E-07,9.11E-10,650.9048474,92.25504055,177.6745757,285.1032684,122682.0572,0.467625899,0.559352518,0.836012862
2,-1.85E-06,-0.510496432,0.672156048,1653,1645.5,1474,1841,4.68E-10,1.75E-07,9.37E-11,829.7980769,72.40672786,204.6225009,332.3339451,88746.54903,0.477108434,0.496385542,0.961165049
2,-2.64E-05,-0.528010961,0.667073492,1677,1686,1387,1932,5.72E-08,3.99E-07,1.82E-08,738.1806452,81.35025124,263.3996303,349.9823953,154663.7441,0.4375,0.497844828,0.878787879
2,6.67E-05,-0.511704807,0.668760006,1755,1760,1539,1982,2.36E-07,1.14E-06,7.13E-08,704.3919753,85.19599448,212.0406525,301.6521124,129169.8886,0.470588235,0.535603715,0.878612717
0,1.77E-05,-0.559258778,0.686682527,1897,1893.5,379,2441,2.07E-08,5.72E-07,6.90E-09,671.9074492,89.30187655,175.8156176,285.7260883,118705.2838,0.454751131,0.50678733,0.897321429
1,-3.02E-05,-0.506420933,0.665751364,1772,1785,1424,2163,6.60E-08,3.19E-07,2.20E-08,697.2616408,86.02368823,224.6960456,331.2810861,130792.1121,0.444444444,0.497777778,0.892857143
3,-0.000134548,-0.485378501,0.61790929,1837,1852,1442,2060,5.77E-07,1.44E-06,1.81E-07,637.2,94.113493,163.6948487,267.4547828,148476.8597,0.427947598,0.524017467,0.816666667
3,-0.000101694,-0.492388194,0.649567866,1811,1820,1562,2055,3.21E-07,1.29E-06,1.04E-07,642.4082569,93.49717872,175.6675168,280.8994731,134618.0283,0.483870968,0.580645161,0.833333333
1,1.43E-05,-0.389291719,0.4252031,1745,1741,1466,1994,1.37E-08,1.09E-07,5.64E-09,875.8792271,68.49202027,66.53955203,92.69816274,21065.24465,0.237288136,0.399515738,0.593939394
0,1.21E-05,-0.398565947,0.399751094,1813,1812.5,1651,2011,4.72E-09,9.39E-08,2.01E-09,904.9292453,66.24370218,65.5047146,102.4438795,13560.23945,0.317535545,0.407582938,0.779069767
0,9.46E-05,-0.387339675,0.403322948,1876,1882.5,1755,2009,3.00E-07,1.13E-06,8.96E-08,938.1741935,64.12584011,75.07124774,138.4353608,14493.23432,0.435064935,0.487012987,0.893333333
3,5.78E-05,-0.404798372,0.396546648,1466,1403,1246,1876,1.68E-07,7.80E-07,5.35E-08,979.1809955,61.39408828,263.8200466,231.7861803,121219.1294,0.268181818,0.372727273,0.719512195
1,5.66E-05,-0.403803945,0.44606482,1765,1761.5,1536,1961,2.61E-07,1.01E-06,8.98E-08,884.9486553,67.78596169,73.08530571,101.9487125,31929.78718,0.264705882,0.397058824,0.666666667
2,8.78E-06,-0.396824598,0.409066176,1751,1761,1525,1928,6.86E-09,6.50E-08,2.02E-09,878.1122449,68.23943417,56.54434464,76.72331443,8595.641338,0.273657289,0.401534527,0.681528662
2,4.71E-05,-0.388219747,0.393829018,1723,1734,1584,1873,1.76E-07,6.09E-07,5.77E-08,861.836272,69.47939913,42.6315229,56.28447175,3719.958484,0.212121212,0.383838384,0.552631579
2,-5.34E-05,-0.398950778,0.403227627,1730,1718.5,1535,1898,1.49E-07,5.47E-07,4.58E-08,866.9467681,69.20536167,58.91629865,78.39746547,11775.70829,0.244274809,0.385496183,0.633663366
0,6.89E-05,-0.409251633,0.467643582,1813,1815,1579,2015,3.27E-07,1.18E-06,1.05E-07,902.6534954,66.37301635,163.1645681,244.5263756,104369.8874,0.402439024,0.463414634,0.868421053
1,2.23E-05,-0.393123148,0.41047729,1786,1785,1566,1995,3.72E-08,2.55E-07,1.20E-08,890.5524079,67.37253459,66.87545569,98.60628727,28017.96228,0.303977273,0.400568182,0.758865248
3,-1.51E-05,-0.399645737,0.433811101,1693,1699,1455,1932,9.75E-09,4.90E-07,2.33E-09,881.2891566,68.03875901,106.1158755,135.0444868,40023.59292,0.284848485,0.43030303,0.661971831
3,-6.06E-05,-0.400291527,0.420529832,1785,1786,1624,1958,1.22E-07,9.65E-07,3.70E-08,892.7435897,67.0276578,61.22393446,90.46763606,9969.631193,0.303225806,0.4,0.758064516
1,-1.65E-05,-0.362559301,0.406828965,1552,1550,1345,1845,2.26E-08,2.12E-07,7.67E-09,945.3958333,63.54078989,295.4731632,310.6715594,150275.3191,0.404699739,0.438642298,0.922619048
0,-8.43E-06,-0.374021309,0.446171627,1548,1540.5,1307,1848,6.39E-09,3.35E-07,1.06E-09,967.3165829,62.20065933,297.1290353,291.1398532,136923.1521,0.393939394,0.434343434,0.906976744
0,-4.88E-05,-0.360302395,0.368692162,1585,1589,1368,1793,7.81E-08,3.94E-07,2.39E-08,946.0909091,63.71477703,289.9632615,334.7605763,148030.7241,0.424836601,0.470588235,0.902777778
3,5.24E-05,-0.387471243,0.405445122,1711,1704.5,1463,2060,1.35E-07,5.16E-07,4.40E-08,868.8514056,69.13748681,197.1343038,361.3871507,92980.77373,0.487903226,0.491935484,0.991803279
1,-2.33E-05,-0.375760051,0.442146619,1549,1540,1314,1817,4.46E-08,2.49E-07,1.53E-08,933.2551546,64.3139978,286.4364854,318.9466276,155520.3553,0.413436693,0.449612403,0.91954023
2,4.19E-05,-0.393806003,0.437163818,1588,1602,1324,1765,1.41E-07,6.68E-07,4.57E-08,864.919598,69.2812576,221.8195169,321.5891493,134668.7799,0.460957179,0.473551637,0.973404255
2,4.85E-05,-0.389322288,0.460879526,1531,1525,1272,1861,1.83E-07,5.98E-07,6.13E-08,898.7690289,66.68625745,266.976567,322.3622525,160496.9902,0.426315789,0.45,0.947368421
2,3.79E-05,-0.36710878,0.416160004,1579,1561,1419,1970,7.66E-08,5.03E-07,2.30E-08,812.7046263,73.92390905,162.932867,246.9019904,84315.84351,0.489285714,0.492857143,0.992753623
0,-1.51E-06,-0.396325841,0.458139264,1538,1527,1334,1973,3.03E-09,1.88E-07,8.83E-11,886.9432836,67.57979847,256.3155816,305.826874,144572.1183,0.425149701,0.45508982,0.934210526
1,6.66E-06,-0.380747216,0.402568482,1593,1597,1359,1906,4.19E-09,2.87E-07,1.07E-09,874.1666667,68.70475985,228.7966467,312.6686151,114271.98,0.462395543,0.473537604,0.976470588
3,4.35E-06,-0.386030808,0.421806683,1583,1573,1352,1841,1.08E-09,2.21E-07,1.91E-10,944.3741935,63.5571641,286.4110096,332.6783521,138874.3667,0.441558442,0.467532468,0.944444444
3,2.18E-05,-0.398537211,0.4247615,1613,1624,1352,1920,1.48E-08,1.26E-07,4.74E-09,875.05625,68.73536883,227.3180934,357.2057371,113354.9173,0.465408805,0.477987421,0.973684211
1,-4.07E-05,-0.64699491,0.655185051,1867,1850.5,1562,2290,1.52E-07,1.10E-06,4.68E-08,851.4964706,70.30747141,172.6552788,211.3483291,93662.92645,0.367924528,0.445754717,0.825396825
0,6.43E-05,-0.629932166,0.643046765,1938,1947.5,1604,2306,1.96E-07,1.61E-06,5.82E-08,790.1234568,75.88480438,174.5135779,223.0454239,78362.54594,0.425619835,0.495867769,0.858333333
0,9.44E-05,-0.620572367,0.653219305,1906,1906.5,1720,2140,2.78E-07,7.16E-07,8.90E-08,931.9807692,64.53690319,108.8010694,135.0457996,27658.61238,0.374193548,0.432258065,0.865671642
3,-0.000108587,-0.657196767,0.592023129,1480,1478.5,1229,1836,6.01E-07,2.54E-06,1.89E-07,1095.22335,54.75688955,286.5059436,182.666922,56181.97563,0.336734694,0.418367347,0.804878049
1,8.33E-06,-0.649003211,0.670284606,2033,2011,1574,2825,1.32E-08,1.15E-06,2.09E-09,741.5,80.84715919,166.8260235,251.8162892,69020.00459,0.540041068,0.597535934,0.903780069
2,8.27E-05,-0.619550282,0.661227015,1986,1984,1662,2546,5.35E-07,2.19E-06,1.78E-07,767.0423163,78.13675669,166.0716578,239.7482636,70338.14575,0.513392857,0.551339286,0.931174089
2,1.68E-05,-0.634273008,0.661890086,1926,1918,1639,2314,2.36E-08,2.75E-07,7.34E-09,799.567757,74.89111112,161.3714082,205.0812809,57011.01911,0.407494145,0.480093677,0.848780488
2,3.20E-05,-0.625182287,0.6378257,2068,2042,1722,2846,5.03E-08,1.61E-06,1.64E-08,772.0474576,77.59389035,175.4409972,258.602537,77230.93209,0.510204082,0.56122449,0.909090909
0,0.000108892,-0.756773732,0.619051602,1750,1762,1473,2010,8.15E-07,2.87E-06,2.61E-07,885.2142857,67.78092882,92.17543721,121.9088553,29080.65984,0.349253731,0.429850746,0.8125
1,-0.000102494,-0.641865076,0.661679947,1978,1954,1603,2716,7.50E-07,3.68E-06,2.53E-07,776.5950617,77.2690651,170.0129813,232.4569886,76676.99273,0.452970297,0.507425743,0.892682927
3,-0.000182208,-0.632225803,0.53434711,1367,1380,1165,1570,1.10E-06,3.65E-06,3.33E-07,1272.408696,47.26045536,211.1803637,151.5947908,56489.78777,0.105263158,0.228070175,0.461538462
3,0.000167491,-0.635755386,0.597709081,1739,1729,1548,1981,8.98E-07,4.25E-06,2.82E-07,868.4037267,69.16229659,79.26842352,116.6345185,33867.79732,0.3375,0.48125,0.701298701
1,8.16E-05,-0.52437362,0.383176421,3483,1741,1440,26839,5.55E-07,1.81E-06,1.87E-07,778.8433476,77.07415293,166.1422781,280.9626589,87629.80204,0.477419355,0.496774194,0.961038961
0,0.000104245,-0.478555272,0.331137567,5192,3675,1623,36684,4.73E-07,1.50E-06,1.52E-07,787.7745902,76.19580768,176.8861888,308.4311743,103585.8055,0.452674897,0.489711934,0.924369748
0,9.50E-05,-0.458601703,0.336302222,1148,1642,6,3223,3.06E-07,1.16E-06,9.06E-08,811.301676,73.99135397,208.8947198,372.4484227,108793.8167,0.47752809,0.494382022,0.965909091
3,0.000120642,-0.494655296,0.328106514,6639,3499,1643,16451,7.27E-07,2.48E-06,2.33E-07,766.6085409,77.98708512,158.8612383,275.7249248,92457.3955,0.453571429,0.492857143,0.920289855
1,1.51E-05,-0.585152371,0.393393245,8528,6377,1636,46756,2.10E-08,1.59E-07,6.48E-09,768.8874735,78.03652175,143.3085178,246.0971737,74751.25893,0.480851064,0.506382979,0.949579832
2,-6.11E-05,-0.495716096,0.347254189,1822,1662,1469,9040,2.96E-07,9.21E-07,9.74E-08,808.0023474,74.14310023,174.7036726,320.0228524,95178.45497,0.489411765,0.512941176,0.95412844
2,5.68E-05,-0.528492591,0.343379281,5240,1818,1586,49111,2.59E-07,9.85E-07,8.40E-08,801.5023364,74.89111112,175.8976112,315.7684913,98500.5392,0.484777518,0.503512881,0.962790698
2,-4.55E-05,-0.45311758,0.317440358,6886,5232.5,1662,17109,1.05E-07,2.99E-07,3.31E-08,806.9081272,74.4481921,225.4365033,402.296229,114380.2136,0.460992908,0.485815603,0.948905109
0,-1.30E-05,-0.529523791,0.337568088,10026,5048,1592,86453,1.48E-08,2.14E-07,3.79E-09,797.3646113,75.22275187,180.434183,328.0277846,104999.7433,0.48655914,0.491935484,0.989071038
1,-2.18E-05,-0.562494147,0.365524556,2573,1606,1408,29211,3.60E-08,2.47E-07,1.15E-08,763.9124088,78.41097246,128.0437962,233.3002869,44255.18202,0.497560976,0.504878049,0.985507246
3,0.00013668,-0.4767811,0.346608122,1813,1705.5,1505,7633,6.09E-07,1.62E-06,1.87E-07,786.1397849,76.18711338,203.6239202,353.1446305,104491.8175,0.459459459,0.481081081,0.95505618
3,0.000126955,-0.456955156,0.353322865,1350,1773,8,2122,5.15E-07,2.14E-06,1.62E-07,731.7736842,81.54320153,200.3221257,311.0926396,111657.7803,0.380952381,0.44973545,0.847058824
1,-2.57E-06,-0.722070241,0.990197745,2338,2408.5,1511,2680,6.03E-09,9.02E-06,2.71E-10,731.9556452,82.02538331,185.3216745,278.4974664,105602.3954,0.480808081,0.511111111,0.940711462
0,0.000115325,-0.687335684,0.904682881,2435,2470.5,1654,2663,5.98E-07,2.01E-05,1.87E-07,805.2563025,74.3297879,196.024773,325.7147151,111484.7362,0.607594937,0.616033755,0.98630137
0,5.03E-05,-0.721426974,0.97851945,2417,2466.5,1760,2657,7.95E-08,1.04E-05,2.52E-08,759.5497382,78.9241109,198.3849354,306.1676347,114234.8565,0.521052632,0.542105263,0.961165049
3,-0.000124916,-0.680754848,0.872238447,1552,1471,1220,2468,7.58E-07,2.71E-06,2.50E-07,777.6007194,77.15743528,269.3499414,371.9107096,167337.792,0.451263538,0.490974729,0.919117647
1,0.000116928,-0.745706768,0.991936416,2414,2440,1735,2741,1.04E-06,3.04E-05,3.82E-07,774.7002141,77.3751953,186.2580124,293.3847006,97165.00494,0.521459227,0.538626609,0.96812749
2,1.23E-05,-0.743902083,0.935565481,2259,2345.5,1485,2652,1.35E-08,3.97E-06,3.95E-09,713.7619048,84.04042275,206.9057337,324.7069197,165308.1469,0.417012448,0.443983402,0.939252336
2,-3.31E-05,-0.734312353,0.900097365,2128,2151,1556,2674,9.13E-08,3.85E-06,2.85E-08,705.5884774,85.01624968,232.193768,384.052151,191738.9186,0.35257732,0.389690722,0.904761905
2,4.65E-05,-0.713726214,0.925501723,2265,2329.5,1691,2593,1.17E-07,3.48E-06,3.48E-08,689.2719033,87.03098513,215.9093153,338.590022,203207.3713,0.372727273,0.4,0.931818182
0,-0.000123111,-0.724664727,0.935768602,2342,2399,1789,2649,9.85E-07,1.44E-05,3.33E-07,743.16,80.65327139,204.7041265,325.006735,147993.6099,0.498746867,0.518796992,0.961352657
1,1.42E-05,-0.736365948,0.97320269,2370,2416,1763,2623,1.41E-08,1.13E-05,4.83E-09,743.6052009,80.69478719,189.9288225,293.4447167,116078.024,0.481042654,0.5,0.962085308
3,0.000203132,-0.71115745,0.941133764,1954,1943,1315,2449,1.38E-06,8.27E-06,4.14E-07,688.8113208,86.77997406,185.2180568,305.9284313,129398.9597,0.383886256,0.431279621,0.89010989
3,3.41E-05,-0.677313152,0.870741347,1964,1959,1437,2546,5.34E-08,2.92E-06,1.19E-08,691.6435644,86.66633461,197.8120963,313.2154343,132480.3053,0.378109453,0.427860697,0.88372093
1,1.72E-05,-0.445391909,0.268809836,17858,5395,1783,65889,2.57E-08,1.53E-07,8.32E-09,792.2336245,75.75382483,159.4011994,227.8017477,63980.24743,0.396061269,0.472647702,0.837962963
0,-4.83E-05,-0.416013248,0.258827145,17084,20266,1955,30233,9.98E-08,3.11E-07,3.27E-08,790.7078189,75.88480438,189.5501091,279.4311353,70803.87164,0.512396694,0.520661157,0.984126984
0,3.82E-05,-0.404592028,0.265263061,4317,4820,1814,5852,4.64E-08,1.52E-07,1.46E-08,808.3555556,74.40241705,170.1095602,266.7028229,64054.71589,0.480446927,0.51396648,0.934782609
3,-4.05E-05,-0.167636484,0.122560395,1697,1600,24,9664,8.00E-08,2.48E-07,2.63E-08,756.1223776,79.36983485,174.1260567,284.3318421,68385.77706,0.515789474,0.529824561,0.973509934
1,-4.42E-06,-0.423479976,0.268720701,9087,6435,1989,53057,3.20E-09,8.63E-08,5.78E-10,721.6806387,82.99647017,155.3741534,230.3766146,54485.86813,0.462,0.514,0.898832685
2,3.50E-06,-0.417471724,0.270828732,10534,6176.5,1914,40756,2.28E-09,1.15E-07,3.41E-10,759.9251101,79.00494287,153.7115659,187.3263052,41174.12039,0.428256071,0.507726269,0.843478261
2,-3.46E-06,-0.40679611,0.281591691,9846,7941,1709,38580,1.91E-09,1.03E-07,3.27E-10,756.9072848,79.25539498,162.6835666,209.7969315,49590.56532,0.466814159,0.519911504,0.89787234
2,-6.88E-05,-0.393214278,0.254908215,10566,5930,2046,76488,2.42E-07,7.76E-07,7.58E-08,731.8397436,82.05029622,165.9924889,230.7766897,50015.58228,0.575562701,0.591639871,0.972826087
,,,,,,,,,,,,,,,,,,
,,,,,,,,,,,,,,,,,,
,,,,,,,,,,,,,,,,,,
,,,,,,,,,,,,,,,,,,
,,,,,,,,,,,,,,,,,,
,,,,,,,,,,,,,,,,,,
,,,,,,,,,,,,,,,,,,
,,,,,,,,,,,,,,,,,,
,,,,,,,,,,,,,,,,,,
,,,,,,,,,,,,,,,,,,
,,,,,,,,,,,,,,,,,,
,,,,,,,,,,,,,,,,,,
,,,,,,,,,,,,,,,,,,
,,,,,,,,,,,,,,,,,,
,,,,,,,,,,,,,,,,,,
,,,,,,,,,,,,,,,,,,
,,,,,,,,,,,,,,,,,,
,,,,,,,,,,,,,,,,,,
,,,,,,,,,,,,,,,,,,
,,,,,,,,,,,,,,,,,,
,,,,,,,,,,,,,,,,,,
,,,,,,,,,,,,,,,,,,
,,,,,,,,,,,,,,,,,,
,,,,,,,,,,,,,,,,,,
,,,,,,,,,,,,,,,,,,
,,,,,,,,,,,,,,,,,,
,,,,,,,,,,,,,,,,,,
,,,,,,,,,,,,,,,,,,
,,,,,,,,,,,,,,,,,,
,,,,,,,,,,,,,,,,,,
,,,,,,,,,,,,,,,,,,
,,,,,,,,,,,,,,,,,,
,,,,,,,,,,,,,,,,,,
,,,,,,,,,,,,,,,,,,
,,,,,,,,,,,,,,,,,,
,,,,,,,,,,,,,,,,,,
,,,,,,,,,,,,,,,,,,
,,,,,,,,,,,,,,,,,,
,,,,,,,,,,,,,,,,,,
,,,,,,,,,,,,,,,,,,
,,,,,,,,,,,,,,,,,,
,,,,,,,,,,,,,,,,,,
,,,,,,,,,,,,,,,,,,
,,,,,,,,,,,,,,,,,,
,,,,,,,,,,,,,,,,,,
,,,,,,,,,,,,,,,,,,
,,,,,,,,,,,,,,,,,,
,,,,,,,,,,,,,,,,,,
,,,,,,,,,,,,,,,,,,
,,,,,,,,,,,,,,,,,,
,,,,,,,,,,,,,,,,,,
,,,,,,,,,,,,,,,,,,
,,,,,,,,,,,,,,,,,,
,,,,,,,,,,,,,,,,,,
,,,,,,,,,,,,,,,,,,
,,,,,,,,,,,,,,,,,,
,,,,,,,,,,,,,,,,,,
,,,,,,,,,,,,,,,,,,
,,,,,,,,,,,,,,,,,,
,,,,,,,,,,,,,,,,,,
,,,,,,,,,,,,,,,,,,
,,,,,,,,,,,,,,,,,,
,,,,,,,,,,,,,,,,,,
,,,,,,,,,,,,,,,,,,
