Quad_Cat,Num_of_Fixations,Mean_Fixation_Duration,SD_Fixation_Duration,Skew_Fixation_Duration,Max_Fixation_Duration,First_Fixation_Duration,Num_of_Saccade,Mean_Saccade_Duration,SD_Saccade_Duration,Skew_Saccade_Duration,Max_Saccade_Duration,Mean_Saccade_Amplitude,SD_Saccade_Amplitude,Skew_Saccade_Amplitude,Max_Saccade_Amplitude,Mean_Saccade_Direction,SD_Saccade_Direction,Skew_Saccade_Direction,Max_Saccade_Direction,Mean_Saccade_Length,SD_Saccade_Length,Skew_Saccade_Length,Max_Saccade_Length,Num_of_Blink,Mean_Blink_Duration,SD_Blink_Duration,Skew_Blink_Duration,Max_Blink_Duration,Num_of_Microsac,Mean_Microsac_Peak_Vel,SD_Microsac_Peak_Vel,Skew_Microsac_Peak_Vel,Max_Microsac_Peak_Vel,Mean_Microsac_Ampl,SD_Microsac_Ampl,Skew_Microsac_Ampl,Max_Microsac_Ampl,Mean_Microsac_Dir,SD_Microsac_Dir,Skew_Microsac_Dir,Max_Microsac_Dir,Mean_Microsac_H_Amp,SD_Microsac_H_Amp,Skew_Microsac_H_Amp,Max_Microsac_H_Amp,Mean_Microsac_V_Amp,SD_Microsac_V_Amp,Skew_Microsac_V_Amp,Max_Microsac_V_Amp
1,0.605555556,1208.440367,1013.049251,2.080900072,6127,1640,0.605555556,438.0642202,517.0532116,2.016306277,2735,28.08478715,35.63549219,3.158916484,250.5619005,-0.361115329,1.934984017,0.156749843,3.139620928,28.08763862,35.6391103,3.158916484,250.5873403,0.177777778,77.46875,32.27201362,2.743089671,219,0.966666667,163.8686944,67.48929506,0.302995844,348.6307554,15.45727325,21.83459029,5.556833549,220.1076246,6.280908433,114.8946652,-0.047816398,179.7194946,0.419874475,25.2142093,3.156580053,220.0697458,-0.182289363,8.975205725,0.107802951,45.07047381
0,0.459183673,1796.311111,1880.259542,2.346292837,9773,556,0.448979592,392,426.8380228,1.023167279,1430,26.09210244,30.12669602,2.101447025,150.5892188,-0.181993607,2.038648877,-0.01081422,3.113317467,26.0947516,30.12975481,2.101447025,150.6045083,0.06122449,104.5,89.99277749,1.322178372,287,1.153061224,143.3160679,71.79960331,0.998449896,385.0320041,21.85175502,72.38346091,9.113773762,751.3182346,16.06118816,114.1003044,-0.161061201,179.5639068,-4.596919929,74.73728991,-8.745373198,144.1739405,0.660247755,10.52347091,3.971436841,81.15067106
0,0.48,1617.694444,1895.391401,1.633123494,7573,671,0.466666667,481.3142857,528.4736496,1.719941235,2443,25.5846489,29.19118348,2.159988753,140.8455061,0.222246146,2.055253348,-0.087640133,3.137428337,25.58724653,29.19414728,2.159988753,140.8598062,0.08,67.5,14.01071019,0.682106809,92,0.973333333,134.2042658,72.69324207,0.933668289,353.82456,12.56651036,18.95927536,5.347712423,149.2071607,23.25673635,112.5321976,-0.214483978,179.7890911,-1.217539832,17.351371,-2.922201637,35.32371456,-1.158867797,14.65930903,-5.19858849,26.59586138
3,0.454545455,1858.763636,2711.244828,3.296110938,14840,1804,0.446280992,349.2407407,427.4062596,2.130970007,2172,21.12197653,29.63463281,2.266863912,144.9313996,0.316126894,2.125495283,-0.216270136,3.138397732,21.12412107,29.63764164,2.266863912,144.9461146,0.033057851,59.5,8.888194417,0.469973427,72,1.719008264,113.0867327,78.8813058,1.696870951,494.004621,11.29465629,23.30250382,5.48316835,212.8423167,-15.54536742,117.0131903,0.083587694,179.8467768,-0.908321025,25.61109665,-3.302714233,122.2940535,0.094660464,3.775846639,1.529565261,29.63788293
1,0.527777778,1582.126316,1520.578818,1.862891538,7526,1315,0.522222222,311.5319149,355.9514798,2.211396682,2000,20.60088335,24.08682744,2.417801929,132.1562545,-0.252052982,2.005192229,0.054299624,3.140575656,20.60297497,24.089273,2.417801929,132.1696725,0.127777778,89.2173913,45.16732178,1.657277347,213,0.894444444,141.0925633,52.82170457,0.809577421,344.099709,10.78730429,14.37126952,4.674885833,123.1734482,-28.16982857,120.5878906,0.219166308,179.868585,-2.472083597,17.0461951,-2.911459386,55.62942478,-0.538491742,5.075855873,-2.305318703,17.99740053
2,0.389534884,2284.343284,3157.206828,2.445851385,14316,1906,0.38372093,285.3787879,278.6849208,1.856008197,1310,19.71735094,24.38248004,3.181664272,134.9209306,-0.425540331,2.185354779,0.211314261,3.137579525,19.71935286,24.38495561,3.181664272,134.9346292,0.220930233,74.52631579,14.83191745,0.760408767,114,1.058139535,119.0695437,63.29179239,1.029612888,375.092227,9.477791618,18.10908869,8.346377165,212.9286772,-1.58792443,116.176218,0.01183483,179.9034832,0.077908647,19.75011155,6.419413751,212.9151838,-0.714334184,5.155928634,-3.850109078,16.00630056
2,0.563218391,1314.734694,1568.119397,3.490781248,9735,1473,0.563218391,458.9081633,595.9020726,1.899953692,2587,31.41092202,44.44661908,2.721786077,239.6657119,0.132782852,2.130366426,-0.068036661,3.141542841,31.4141112,44.45113178,2.721786077,239.6900454,0.051724138,69.66666667,16.52271164,0.7195565,97,1.442528736,152.2577168,67.34167311,0.54838886,412.9016244,13.95971077,23.84842491,4.953153621,178.6138967,12.47869844,116.8966412,-0.085391404,179.9857918,-0.519966302,25.95092105,-0.2853339,169.0740507,0.145563002,9.506791648,5.193866116,109.2471703
2,0.318965517,2975.72973,2220.542159,0.682832663,9199,3182,0.310344828,181.1388889,337.5760784,4.220725989,1972,10.91237797,7.786690445,2.048924336,37.75701225,0.214304385,2.25229138,-0.1178717,3.138469231,10.91348591,7.787481035,2.048924336,37.76084575,0.25,74.17241379,14.67035146,0.238217474,101,2.275862069,100.128437,63.26674449,1.306798261,349.1589918,5.962682731,9.75766602,8.001423194,125.104285,0.025989723,117.0379189,0.034527897,179.8870154,0.508328314,11.28396873,4.986783933,125.0424429,-0.059751407,1.772653031,-1.345506675,10.28071092
0,0.317880795,2744.520833,3378.776009,2.098799141,15370,9602,0.324503311,394.3265306,329.2653684,1.026490944,1502,24.87257669,21.74327091,1.497587019,105.3124934,0.104407696,2.206821892,0.054584494,3.140542631,24.87510202,21.74547852,1.497587019,105.3231859,0.059602649,66,13.92838828,0.647395948,89,1.152317881,113.0276597,73.07755119,1.245288172,354.2051762,12.99394596,24.17986501,4.81694589,198.0248342,7.432839426,115.4268778,-0.022109286,179.9398381,1.621246009,24.02701321,4.374626562,187.4953335,-0.378128723,13.14946186,-0.097686197,63.7129097
1,0.49689441,1604.475,1387.150718,1.770837555,7087,1278,0.49068323,421.8860759,449.0197297,1.475492114,2071,33.08403424,38.22822192,2.244410128,217.4460831,0.222882441,2.090855172,-0.058830089,3.13830656,33.08739329,38.23210327,2.244410128,217.4681606,0.093167702,74.86666667,12.91105101,0.145200432,99,0.701863354,187.7309043,78.22383113,1.36010887,612.0862228,16.10472734,22.80406252,4.50602793,173.0542857,38.47481465,122.7492943,-0.286892924,179.856117,-2.638026613,26.49105169,-1.775652439,104.9879103,-1.08864236,8.302898744,-3.040803735,21.06248164
3,0.4125,1875.30303,1692.473199,1.511736612,6762,1905,0.4,567.5625,871.2918454,2.393404146,4012,28.12917286,44.76927296,3.203975775,232.9844539,-0.070959376,2.221112921,0.113225548,3.081725201,28.13202884,44.77381842,3.203975775,233.008109,0.05,63.25,8.421203398,-0.013657401,71,1.275,142.3177379,67.04996425,1.249434115,377.473986,17.84969426,38.75824213,5.430359586,285.0662264,2.529523423,122.1071834,-0.002976303,179.6594397,0.322608312,41.69707456,1.168107632,284.5866505,0.149408475,9.218142129,-0.220589305,42.77878456
3,0.506666667,1589.105263,1605.674865,2.213553767,7626,421,0.506666667,393.2105263,490.2892229,1.647982502,1997,20.49569624,21.25355705,1.88111043,99.8749544,-0.657049946,2.364853838,0.461580634,3.112592574,20.49777718,21.25571494,1.88111043,99.88509479,0.226666667,177.5882353,165.604219,1.23849073,562,1.4,146.4580986,56.58435697,0.861242995,344.0555933,10.8682501,12.04502498,3.111949614,78.95956057,-18.93928681,125.1900398,0.159554623,178.876484,-1.814261836,15.65294375,-1.034147891,43.68579669,-0.431296685,3.892318836,-0.515917734,14.68629426
1,0.311111111,3062.571429,2924.1647,1.721684405,13131,4764,0.305555556,155.9636364,239.2249804,3.183112342,1278,11.70641211,11.35052143,2.744512719,58.87093825,-0.276061118,2.000957869,0.087326802,3.132343262,11.70760067,11.35167386,2.744512719,58.87691547,0.066666667,151.3333333,59.76519713,-0.121962961,235,1.727777778,117.4443979,73.93820152,0.721241174,327.058848,6.643188286,6.93498154,3.379108537,48.30727477,2.125443026,118.9303126,-0.011421409,179.9148102,-0.120797207,8.737428767,-0.652153286,43.79497539,-0.247815414,3.957181232,-5.709036501,15.77429146
0,0.336734694,2853,3059.920301,1.360973941,11257,1984,0.346938776,110.7352941,151.2243585,4.474521041,916,13.5779895,11.24093604,4.217357076,72.55331057,0.412031251,2.211793967,-0.150247134,3.129874648,13.57936808,11.24207734,4.217357076,72.56067697,0.030612245,231.6666667,159.5127999,-0.014624745,390,1.642857143,109.307916,80.74233823,0.654735708,333.1779723,6.567991803,7.539374908,3.934204372,67.59055073,12.150252,116.7486311,-0.054905429,179.4571836,-0.205245317,9.953935282,1.650824891,67.32457601,0.002089146,1.018231935,-1.119692174,3.155950949
0,0.32,3016.416667,4646.115076,2.634712339,20002,1933,0.306666667,121.8695652,128.7292099,1.742750338,459,12.96934255,8.110444042,1.686468466,40.60686853,0.527467883,2.20938437,-0.258417774,3.136690065,12.97065934,8.111267503,1.686468466,40.61099138,0.04,110,63.22183167,0.384791848,183,1.84,99.98654861,82.52552343,1.202257817,327.4933954,5.925214623,7.837490221,4.798143909,71.62180096,5.429670263,122.6188004,-0.06253077,179.8240334,-0.101943559,9.805101312,2.828695603,71.60314999,-0.007350164,0.781327266,-0.101672901,2.314854771
3,0.223140496,4375.222222,4789.607767,1.697970075,18357,1130,0.223140496,104.3333333,129.7343439,2.884400023,611,10.50475151,8.338679061,2.545390799,42.28909316,-0.697847358,2.275700498,0.362990629,3.128438129,10.50581807,8.339525694,2.545390799,42.29338681,0.016528926,120,29.69848481,0,141,1.958677686,84.36273736,55.13887546,0.906407331,291.3083617,4.753198838,5.12427915,3.693623444,38.12720514,10.35252191,119.1790413,-0.109103244,179.7593222,-0.151727239,6.815081974,-1.161088327,30.94478713,0.025338849,1.529544358,2.522857618,12.14884965
1,0.244444444,4006.25,4279.285113,2.35014369,21956,4195,0.238888889,86.88372093,113.4105919,5.191276457,769,7.92118406,5.374306799,3.289668913,35.30627681,-0.340938697,2.057715374,0.202408589,3.133258392,7.921988305,5.374852457,3.289668913,35.30986149,0.077777778,147.5714286,140.3417336,1.974680855,575,1.988888889,84.21964005,54.21655337,0.897199863,286.4129172,4.678908288,4.891012208,4.139358966,47.3850323,-2.262406605,116.7150281,-0.019372868,179.9916046,-0.081859128,6.068743862,-1.875471423,21.61195159,-0.156240026,2.980954389,-5.097017482,14.64881942
2,0.354651163,2610.327869,3392.530868,3.154719408,21513,3305,0.348837209,212.1833333,293.3005338,2.720866824,1670,15.84880349,20.72937842,3.08459574,121.1930232,-0.15076314,2.426689296,0.107168029,3.133772924,15.85041263,20.73148309,3.08459574,121.205328,0.122093023,132.952381,95.95075622,1.609043479,387,1.63372093,111.6619546,66.24633268,0.892419193,322.1179912,8.266132937,13.93154964,6.30609341,140.5074596,-10.83423525,111.8605605,0.073958555,179.729667,0.187099374,15.70725419,-1.505925925,112.6765376,-0.349106562,3.919779639,-3.492048929,19.91773965
2,0.408045977,2309.352113,2013.133138,1.416249951,8373,6074,0.408045977,140.4225352,164.5131052,2.242975619,826,11.72306488,12.14856657,3.694301672,72.06162323,-0.226124032,2.244634758,0.111377603,3.140755621,11.72425513,12.14980002,3.694301672,72.06893971,0.074712644,183.9230769,123.9586366,1.525438474,530,2.034482759,116.1430236,66.41346163,1.053141936,367.4867266,7.569526053,11.5745581,6.274589667,123.2361449,7.740408039,116.5683127,-0.066076882,179.9247882,0.407532265,13.61454979,1.896899707,122.5199388,-0.117083491,2.285519406,-4.285286765,13.26695194
2,0.267241379,3691.032258,3556.344532,1.63259124,14854,5454,0.25862069,76.13333333,65.47899549,4.560143906,414,8.694638474,4.028508145,0.173064843,16.40608987,-0.576224652,2.294196881,0.282017577,3.136421769,8.695521248,4.028917163,0.173064843,16.40775559,0.129310345,153.6,106.5114347,1.469790247,446,2.844827586,87.74864557,63.31522819,1.204380623,285.318096,4.27907352,3.555012191,1.777857477,21.61054105,-4.243965451,110.0829756,0.011044613,179.8700206,0.006079321,5.427265591,-0.462996635,18.18618286,-0.103208212,1.198859412,-6.347016987,2.720828299
0,0.218543046,4394.454545,5827.559626,1.590197929,22166,12905,0.21192053,190.46875,156.2085009,0.806847368,568,12.55138079,8.866035654,2.754791115,51.99202384,-0.040200344,2.04934628,0.079808226,3.088216666,12.55265515,8.86693583,2.754791115,51.99730264,0.039735099,125.8333333,76.94521861,0.363774249,244,1.57615894,79.49787514,70.03561759,1.454254751,357.1558835,5.53040523,9.363586861,4.384043633,70.53688121,-4.337290003,116.2411292,0.011465396,179.9737187,0.349783788,9.961607885,3.245932773,64.8299601,-0.071444334,4.353995892,0.212075737,35.10096403
1,0.279503106,3450.044444,3775.228999,1.850396907,18268,766,0.279503106,149.0444444,193.5931718,2.916707481,1070,12.27880234,13.3073741,4.086775255,86.90689879,0.516938802,1.878106387,-0.02293612,3.139367615,12.28004901,13.30872521,4.086775255,86.91572253,0.254658385,182.7560976,145.7114924,1.786669818,738,1.347826087,117.9070746,65.34856938,0.703830829,293.6840204,8.235652317,14.80416746,7.320971617,147.5387988,0.628451289,115.7161824,0.006797156,179.7619089,1.431550194,16.60272526,5.607570343,146.0873594,-0.181897534,2.999344179,-1.720864384,20.64414138
3,0.3375,2825.740741,2649.603724,1.614038724,11970,1152,0.325,147.2692308,200.1748351,2.04304117,784,11.71622015,9.193689421,2.447618618,47.84449193,-0.821610356,2.02013335,0.300992554,3.079954723,11.71740971,9.194622864,2.447618618,47.84934962,0.025,133.5,28.99137803,0,154,2.35,101.4710788,63.55019189,1.375456868,365.4985414,5.663286311,5.397259706,4.910394421,55.88615892,-15.17628808,116.809739,0.092674079,179.9282619,0.080630036,7.430639681,1.489130053,48.23855029,-0.090250054,2.453198148,7.708237708,28.21310209
3,0.293333333,3367.545455,2496.436789,1.051255361,9724,4002,0.28,61.61904762,13.6692216,0.036878027,87,7.017327095,2.941519453,0.61374813,15.06225059,-0.173455142,2.040408993,0.148694403,3.08536614,7.01803957,2.941818108,0.61374813,15.06377988,0.08,218.3333333,144.7738466,0.150287927,417,1.666666667,99.39917743,66.1690468,1.01198229,300.3163494,6.946621133,21.06169498,10.25308402,235.6692092,-12.11906452,111.375515,0.093096527,178.8983118,-1.399834237,21.9801547,-9.561533001,29.28819227,-0.16074179,2.657338797,-2.651393794,14.38319528
1,0.616666667,1061.207207,913.2922376,2.209989261,5841,1905,0.616666667,554.2162162,582.7101323,1.739757816,3095,36.40026506,39.3705527,2.013485984,196.9527237,0.021575103,1.975930561,-0.037993497,3.140003978,36.40396081,39.37455003,2.013485984,196.9727205,0.066666667,77.91666667,28.4651568,1.663374224,157,1.083333333,162.5472491,70.81513546,0.931764702,453.9331763,13.89521469,12.761607,2.254407814,69.7824297,11.17661055,113.2000984,-0.112174808,179.6234291,-0.928810761,16.81426051,-0.787727136,58.79063246,0.060443987,8.560197644,-1.857643087,33.80050544
0,0.489795918,1780.270833,2069.678871,2.374038158,10884,2736,0.479591837,268.3617021,339.0295886,2.786510856,1924,19.84049163,20.91981588,2.842001676,122.9136431,0.164451664,2.33292954,-0.102777912,3.141330201,19.84250605,20.92193989,2.842001676,122.9261227,0.102040816,80.7,23.98170599,0.567440704,130,1.336734694,115.5373621,62.65762656,0.272467018,262.4887957,7.538498299,7.070582191,3.081347241,56.80965924,-22.53152536,118.1176513,0.20934505,179.9654818,0.010753794,9.961676135,1.209437729,56.78261028,0.019949565,2.826096442,1.268942972,19.49380664
0,0.4,2253.133333,2261.745812,1.579578609,9797,1332,0.4,252.1333333,256.7391986,2.033601385,1228,19.96920545,19.57941957,1.692638886,73.33850147,-0.718146399,2.07302419,0.238458899,3.111942126,19.97123294,19.58140748,1.692638886,73.34594759,0.146666667,114.6363636,56.05581634,1.740392561,268,1.226666667,110.4159956,67.99158049,0.94527693,339.3046327,7.976593602,9.662240064,4.00006257,70.19052363,-23.8625822,121.5257191,0.152294259,179.8161715,-0.96204288,12.27995819,-1.539080655,47.50520437,-0.030817648,2.388115873,0.174791198,10.249353
3,0.388429752,2348.553191,3202.058107,3.271472766,17731,1862,0.380165289,233.3478261,236.3111148,1.267316663,903,14.85425319,14.09946231,1.623765716,56.21147272,-0.900465899,1.96759739,0.391859475,3.109927485,14.85576136,14.10089384,1.623765716,56.21717992,0.157024793,103.8947368,34.91719528,0.334432822,173,1.636363636,89.35861015,45.64088877,0.794833572,232.9283785,7.113903303,10.50981127,4.677085157,88.86628903,-11.41367579,117.2776328,0.077118058,179.9998935,-0.385850677,12.26974796,-1.870904286,59.61309166,-0.017072653,3.198738814,-0.73125915,15.07713621
1,0.494444444,1510.202247,1790.168289,2.582418781,9893,2627,0.494444444,507.4269663,568.8554475,1.766452493,2812,33.93117725,41.63986803,1.837305946,192.4194212,0.01306876,1.893924634,0.1194514,3.140497176,33.93462232,41.64409576,1.837305946,192.4389578,0.166666667,102.2,66.53254324,2.725037765,372,0.994444444,128.7088724,58.1888108,0.650907328,284.7224608,14.20834882,14.8808803,1.831467985,85.64558763,-2.341876519,116.4668555,-0.006612776,179.9541715,-0.76467129,18.63395794,0.337584038,65.68067025,0.26713759,8.741754936,1.461208135,62.40804328
2,0.558139535,1424.479167,1230.062198,1.747723315,5728,1241,0.558139535,365.0416667,431.8649622,2.020033761,2086,23.93614239,31.76614447,2.467343936,168.2190639,-0.288639843,2.158258041,0.149035405,3.140037566,23.93857265,31.76936971,2.467343936,168.2361433,0.284883721,83.67346939,26.27212382,1.073982196,167,0.912790698,117.3894994,60.9708427,0.789010937,317.7907817,9.434238111,12.30358564,4.85151435,112.9185536,-8.857134683,114.2524003,-0.015689052,179.8682446,1.129301712,14.61205041,2.686907953,110.7178461,-0.262242296,5.10545229,-2.560472274,13.76552126
2,0.511494253,1520.325843,1842.820885,3.969305673,13759,1311,0.505747126,437.0681818,446.9104103,1.636767935,2123,27.37038494,26.72204682,2.177338712,153.7886994,0.038964274,2.114771966,0.007544146,3.137224467,27.37316388,26.72475994,2.177338712,153.8043137,0.218390805,76.71052632,20.51486988,1.256703205,143,1.103448276,135.9505388,61.44309299,0.104050176,273.3997786,9.876362338,9.329850837,2.353122748,64.2688953,-8.482415311,118.7218549,0.090000612,179.8603163,-1.257981808,12.65645364,-0.837543371,41.39510118,-0.197492852,4.813017426,-0.630341868,21.57395059
2,0.310344828,3044.083333,3774.469812,2.059864324,17502,7472,0.301724138,199.8,323.7542459,2.331948947,1254,17.25644871,28.94491821,3.249595474,149.3741944,-0.629453623,1.939496852,0.185203684,3.117931518,17.25820077,28.94785701,3.249595474,149.3893605,0.275862069,83.71875,24.1035861,0.927558327,144,1.689655172,76.60546044,47.95272099,1.300036106,263.0159867,6.990148669,22.79771786,11.04992589,299.2600114,-21.65455791,113.7108717,0.122993637,179.8283982,1.444496669,23.7164735,9.910168592,299.090107,-0.152001263,2.055807416,-1.970536436,9.190318015
0,0.311258278,2870.914894,3523.11822,2.218266659,17354,10529,0.304635762,350.0217391,338.9852497,1.94289891,1782,20.29990219,18.95934419,2.007504417,96.31032209,-0.146792392,2.036949522,0.000346036,3.135514067,20.30196326,18.96126915,2.007504417,96.32010057,0.139072848,103.4761905,47.48643917,1.010312667,218,1.039735099,85.94472958,52.89619373,1.520940502,314.6348539,10.49486521,17.09606301,3.751451062,131.6579052,-6.999796015,115.8506663,0.007829244,179.2938898,0.400151646,16.81537504,2.183949269,129.9691081,0.05535766,10.95904383,0.617882775,51.53170784
1,0.534161491,1247.872093,1226.908375,2.615518341,7717,2165,0.527950311,639.9529412,694.8996828,1.839768433,3225,43.77481059,50.47495014,1.600976741,215.2335822,-0.227065288,2.161272088,0.091221533,3.133933792,43.77925509,50.4800749,1.600976741,215.2554351,0.173913043,87.28571429,29.54702109,0.985534135,158,0.931677019,156.5168606,77.75789328,0.600874123,423.386687,13.12659132,18.35212486,5.216102331,168.5211379,-6.183407892,120.8413705,0.035946368,179.8293485,0.761121747,20.49972775,2.080837584,134.0913065,-0.358609678,9.445999139,-8.095067237,26.97357421
3,0.4625,1479.378378,1278.078209,2.030459656,6641,1415,0.45,702.3611111,831.2167382,1.662154775,3227,43.04344042,55.91018353,1.887980569,232.3097432,-0.164850979,1.97554379,-0.038276591,3.09413116,43.04781066,55.91586014,1.887980569,232.3333298,0.15,147.5833333,112.2193131,1.848757577,469,0.9,137.6636598,52.7762909,0.593010027,286.2310034,14.31142719,26.16315641,4.982865809,193.8541664,7.30203654,109.6919233,-0.121379314,176.8091179,-0.824163673,27.1418098,-4.280974005,66.77580236,-0.249726395,12.44010447,-3.415090075,40.66243745
3,0.426666667,1989.90625,2174.858265,1.741497434,9411,787,0.413333333,375.1612903,490.0763952,1.747440581,1942,21.82008014,29.04525607,2.310728355,132.8487586,0.112999735,2.141327448,0.069325423,3.121351108,21.82229555,29.04820506,2.310728355,132.8622468,0.146666667,91,20.77498496,0.075554095,122,1.053333333,108.5023896,50.15862501,0.85233307,241.1976639,10.1171815,15.78311785,4.450627387,106.9819392,0.678084702,111.2911834,0.081351163,179.5252613,-1.357237144,17.00424073,-3.397302594,38.50767477,0.550817156,7.83536998,3.690413031,52.91889987
1,0.594444444,1204.17757,1204.610982,2.941151577,7372,1860,0.594444444,474.3738318,579.2912638,2.877902489,3720,37.07959197,42.03056903,1.81058608,209.7475336,0.183086167,2.044758793,-0.114162517,3.13535892,37.08335669,42.03483643,1.81058608,209.7688294,0.011111111,100,2.828427125,0,102,1.338888889,145.9089791,80.24075004,1.23372421,495.3420698,17.21762856,26.79918931,3.716944947,209.5551972,-0.816023658,118.2901804,-0.018505832,179.9136849,0.984557263,31.17096299,-0.521129171,134.5857152,0.294016102,6.56928326,0.189390759,40.73322924
0,0.540816327,1563.037736,1484.10307,1.763988511,6438,401,0.530612245,292.2307692,254.3084136,1.090122106,1099,24.88044291,18.61550232,0.917763084,73.32612197,-0.640674272,2.028509113,0.210737606,3.137590993,24.88296905,18.61739237,0.917763084,73.33356683,0.010204082,54,,,54,1.224489796,127.1616832,67.67047944,0.34542005,307.3467166,12.8693012,14.2306945,2.062616812,76.30789843,-20.37925185,113.5059331,0.115239031,179.4717836,0.249305181,18.63737489,0.07768802,75.89502566,-0.0986854,4.695076096,-0.603812511,24.48531568
0,0.4,2318.333333,4360.135693,3.906468345,23508,396,0.386666667,195.0689655,232.3670021,1.927663732,954,16.78397945,21.71400697,2.821354452,108.8316794,-0.518693403,2.206229513,0.212952187,3.140009664,16.78568354,21.71621162,2.821354452,108.8427292,0.013333333,74,,,74,1.626666667,76.10585897,58.05887318,1.478263419,251.3823562,7.033612332,12.90407468,5.498227363,114.5000881,-17.07335822,116.2494566,0.122239459,179.873395,0.79029994,14.60900182,3.980288254,114.2004833,-0.046100495,1.525113386,2.04620288,8.277569479
3,0.355371901,2702.55814,3531.261337,3.779533064,21841,434,0.355371901,113.5116279,125.8724547,3.418066002,742,9.766420969,7.603099518,2.280693875,36.86243819,-0.424888744,2.367031943,0.242317187,3.139941827,9.767412563,7.603871468,2.280693875,36.86618087,0.107438017,381.3076923,350.2012242,1.102043115,1086,1.537190083,80.47013539,46.73997388,0.977025546,233.4791241,5.216168721,6.042588166,4.603479087,49.51570313,-13.50940067,115.3988841,0.062306871,179.7939144,-0.673527936,7.904020967,-2.424346364,24.43338213,0.009773518,0.956150604,2.020642137,6.720661982
1,0.522222222,1552.212766,1428.239889,2.156267929,8839,3052,0.516666667,364.2688172,402.8545735,1.364653721,1583,26.59510673,30.48207925,1.804489918,139.4798703,0.012445683,2.048005914,0.001109796,3.140883137,26.59780696,30.48517412,1.804489918,139.4940318,0.005555556,86,,,86,1.383333333,97.91188813,53.46563384,1.035156538,272.7731285,12.29121477,19.111952,2.918900652,116.05661,-8.719481307,119.928035,0.048416476,179.9693006,0.903990544,21.61671928,0.099433025,95.97326863,-0.219053735,6.983753113,-0.430634743,39.76190702
2,0.436046512,1878.96,2041.099614,3.523755815,14514,2443,0.430232558,417.7567568,476.4479535,2.074874039,2557,27.86172664,32.14728322,2.152365133,153.933637,-0.083184851,1.945760699,-0.01908675,3.138660319,27.86455547,32.15054716,2.152365133,153.949266,0.005813953,71,,,71,1.23255814,97.55346125,65.68179251,1.607714911,376.5414968,14.92798609,26.73358618,3.504908922,184.0053939,6.644382875,116.9816948,-0.007991114,179.9297,0.780571446,29.65446849,-0.607743832,151.2919059,-0.005770066,7.650691316,-0.96635364,34.30057012
2,0.528735632,1661.097826,1538.296461,1.604469046,7066,5455,0.534482759,222.655914,307.5769078,2.543310781,1776,15.01236467,19.55301588,3.27994355,124.3827189,-0.09244073,2.134683889,0.038683647,3.138788074,15.01388889,19.55500111,3.27994355,124.3953476,0.005747126,90,,,90,1.977011494,91.10268322,54.70503395,1.391422999,355.2413277,7.464463904,13.04403734,6.037054133,129.3946302,-14.39108963,115.2272391,0.079651333,179.9135897,0.075928541,14.47315717,-0.757164153,120.5543291,0.000813051,4.064358529,-0.210334412,30.26088223
2,0.439655172,2112.764706,1997.337464,1.887064929,9181,935,0.431034483,175.26,220.6538345,2.100602631,1010,15.99269252,19.20455312,2.953247275,108.7607806,-1.007857006,2.275701824,0.576387981,3.135724883,15.99431627,19.20650298,2.953247275,108.7718231,0.00862069,60,,,60,2.034482759,79.14254647,48.55280169,1.582151364,297.5512745,6.57037007,11.367572,5.52005693,112.1255256,-17.8730714,105.2009281,7.17E-06,179.63107,0.266478084,12.81040113,1.543504395,112.1203957,-0.028036262,2.891086907,-2.883522797,16.21639695
0,0.350993377,2452.037736,2842.313352,2.56424531,15510,5696,0.344370861,404.5192308,390.6318406,1.110126672,1485,29.93127437,30.69406088,1.150516368,120.6055534,-0.107792005,2.114857213,0.030280537,3.064519365,29.93431332,30.69717727,1.150516368,120.6177986,0.01986755,143.6666667,40.80849585,-0.216747037,179,1.099337748,101.2834831,76.32464131,1.31538049,336.9231515,14.82873357,23.41383067,2.745695337,135.7436402,-2.615724544,114.6525104,0.053897606,179.7709906,0.305602416,24.45803729,0.868230811,135.7338087,-0.319725878,13.07036794,-0.65473095,57.69363994
1,0.472049689,1394.355263,1286.402785,1.711408522,5945,1667,0.465838509,743.96,649.9704243,0.89790319,2752,57.82201784,52.71856153,0.741473561,184.701429,-0.486661875,2.124858509,0.19572195,3.139974716,57.82788856,52.72391409,0.741473561,184.7201819,0.01863354,82,22.5166605,-0.044323962,104,1.130434783,158.5579826,81.71325185,0.698196156,442.7597188,19.03280787,28.21575374,3.140294293,156.7664832,-15.87124308,121.585438,0.038896557,179.9543194,1.29575569,33.16777567,0.955791755,156.4684964,-0.688250359,7.621622828,-2.537617546,29.38531835
3,0.35,2473.107143,3948.078814,4.063400154,21669,1867,0.35,385.7857143,376.935141,0.82362403,1255,31.44110287,43.5974905,2.044846447,169.953931,-0.016135802,2.100510201,-0.028851929,3.116401961,31.44429511,43.60191699,2.044846447,169.9711865,0.125,551.5,1326.338087,2.250095004,4314,1.525,97.54184106,76.79114454,2.235388773,473.6285505,12.26404524,30.08674875,4.502977053,188.2555134,-4.967028788,119.1189226,0.020666309,179.8379653,1.636510152,32.17012277,1.635815391,188.1911979,0.186209537,4.37208815,-0.468558071,21.45938167
3,0.506666667,1631.368421,1485.919634,1.758262023,6181,1481,0.506666667,344.7894737,558.7586221,2.904538142,2827,17.8176631,24.32828122,2.809144152,120.6863176,-0.424804965,1.900154984,-0.014751525,3.007595301,17.81947214,24.33075129,2.809144152,120.698571,0.08,254.5,216.6894091,0.567934422,616,1.28,108.2521907,56.96607726,1.088196553,312.6147526,12.82954272,20.11103078,3.527721158,137.7946929,-31.64867687,108.7365767,0.107825225,179.5278276,-0.255455376,22.99297892,-1.566430284,75.71629179,-0.003094068,6.47985268,2.097714441,42.32826648
1,0.3,3195.62963,5154.922481,4.19888171,33559,3766,0.294444444,141.3773585,180.4408305,3.290908278,1000,10.89310787,8.891255163,3.660326612,60.44552493,-0.84340536,2.093546644,0.371119959,3.135268707,10.89421386,8.8921579,3.660326612,60.45166202,0.088888889,174.875,213.9582124,2.756569277,936,1.272222222,89.01365133,62.0314221,0.921675429,302.8855402,7.8319825,13.31855242,5.114540072,114.4250013,-17.51323452,113.5780848,0.07916869,179.4360502,0.522612161,13.82570164,3.369811826,113.6558252,-0.226058853,6.786725275,-9.004972206,22.34638494
0,0.234693878,4040.478261,4998.93865,1.964253499,20851,20851,0.224489796,235.6363636,221.3326618,1.000064395,827,14.24902289,11.72747879,1.196618903,46.02930414,-0.711796449,2.493052956,0.376985591,3.140978319,14.25046961,11.72866949,1.196618903,46.03397753,0.051020408,118.6,80.24213357,0.865127306,256,1.153061224,134.5516428,82.26642103,0.62238439,339.4243014,8.119897041,8.989031594,2.779356853,54.00819167,-20.8524101,128.1752736,0.173209819,179.994329,-0.627154159,12.06060132,0.489992149,53.90965196,-0.009379712,1.092331364,1.489443499,6.186903643
0,0.32,2819.083333,2372.221944,1.54217995,10828,1338,0.306666667,324.3043478,300.7148203,1.107017223,1043,24.26624391,25.95627432,1.862989915,104.2335559,0.131642034,2.19979819,-0.059799329,3.135797591,24.26870768,25.95890968,1.862989915,104.2441388,0.106666667,120.5,63.78535434,1.325501481,266,0.88,122.5092428,84.30730126,1.282718522,348.6447521,12.51073481,21.06835722,3.362588647,114.9636703,-14.40219605,119.7875457,0.09717016,179.8939511,-0.533459685,23.75850581,0.748514716,114.9240496,-0.104962004,6.157190312,-1.897534683,23.53157474
3,0.347107438,2544.857143,3328.13502,2.955570605,17942,1563,0.338842975,347.9756098,511.7802501,2.172612186,2241,22.34246794,32.07088613,2.839022985,165.866602,-0.815805259,2.110899208,0.340673442,3.134528744,22.34473639,32.07414231,2.839022985,165.8834426,0.066115702,173.375,169.4865671,1.387999816,559,1.305785124,84.39309953,52.38153839,1.323939781,267.8241731,10.14179771,22.8148348,5.849447634,205.5006439,-12.08894973,114.5892132,0.089802859,179.8405483,2.090253506,24.53256809,3.107384486,205.3566288,0.155786686,4.145664091,0.401083222,21.73746103
1,0.022222222,44860.25,27628.57839,-0.12297124,76825,9774,0.016666667,214.6666667,224.6092904,0.35815844,472,18.01279908,21.27692541,0.380254714,42.54827014,0.970967139,1.778102852,0.384573563,3.023949849,18.01462794,21.27908567,0.380254714,42.5525901,1.133333333,304.6372549,467.0151692,5.725816478,5016,0.266666667,92.35659684,48.67189253,0.815890508,221.2004581,5.843497021,7.933527588,4.429624448,51.64927215,-15.65378986,112.2834509,0.005445221,179.3848699,0.318165436,9.567189698,2.495247051,50.96863083,0.372922259,2.040257157,2.620585379,8.80422337
2,0.052325581,18780.55556,16824.37165,0.623588276,50243,26781,0.046511628,376.75,375.7825169,0.886260586,1089,22.24162523,21.69638958,0.778842168,63.72508309,-1.761663606,2.271846065,1.137395071,3.002632362,22.24388344,21.69859243,0.778842168,63.73155315,0.029069767,92.6,22.99565176,0.440795036,128,0.255813953,114.658403,60.27116444,0.601510046,252.094855,13.30532043,15.00322531,1.716271681,63.28175381,-22.84808005,135.5605684,0.283583108,179.0743282,-2.214138382,18.68627391,0.903302542,58.51513168,0.546596394,7.035426951,3.273806167,35.18678577
2,0.045977011,21676.5,16263.07832,0.025862764,43094,11445,0.040229885,99,72.71175971,0.752629465,222,7.262697847,3.410216807,0.780771332,13.78641587,-0.406362813,2.100410003,0.133870675,3.105561001,7.263435235,3.410563049,0.780771332,13.78781562,0.17816092,121.4516129,68.33195383,2.030771191,353,0.25862069,106.317153,51.8344664,0.689526485,254.5228465,5.84686947,4.079977883,1.426830958,18.38704733,-24.74129263,111.7895977,0.168703666,179.5899409,1.014925141,6.769902248,0.179276724,18.38140063,-0.02140834,1.814090501,-0.405308111,6.089340501
2,0.051724138,19383,24668.23341,1.047051711,66889,8012,0.043103448,63.6,28.14782407,0.968197281,113,5.562227024,3.253434134,-0.113456206,9.969199662,0.223981242,2.248571689,-0.2097879,3.131982961,5.562791762,3.253764458,-0.113456206,9.970211843,0.534482759,158.7741935,156.3310295,2.279578208,831,0.50862069,101.5898744,57.42136918,1.04512505,287.6964553,6.053167905,6.147007997,2.571109658,35.10041431,-4.738231265,103.8957995,0.022183549,178.8844631,1.795290328,7.863676714,0.744909869,32.23195466,0.045213036,2.92917586,1.39201899,13.62865447
0,0.079470199,12416.66667,14711.99577,1.339509667,48198,1511,0.072847682,198.6363636,157.3342129,0.646766575,519,12.83265789,9.045463485,0.60976973,28.24833644,0.138842353,1.947677124,-0.243837801,3.048649616,12.83396081,9.046381879,0.60976973,28.25120451,0.880794702,416.6466165,780.8055494,5.803312847,7329,0.410596026,150.3837266,81.26509431,0.382962723,332.494724,7.745617592,5.43972107,1.747149426,32.22778525,11.68716232,114.2425359,-0.300101724,179.1146559,1.423353337,8.191393364,0.454092421,29.05842906,1.423999485,4.173094716,2.865331974,20.19853761
1,0.204968944,4592.090909,4567.372544,1.987966196,22337,8579,0.198757764,323.875,315.9019601,1.279833542,1174,24.39802725,25.51099544,1.412709846,102.0794073,-0.195926537,2.323593849,0.093680515,3.128395372,24.4005044,25.5135856,1.412709846,102.0897715,0.279503106,158.4444444,147.1479706,2.213090933,687,0.552795031,129.8156655,70.45227549,0.474703875,286.6010395,13.88663108,21.98257294,3.416526428,144.8945858,3.072359441,119.3372906,-0.009501402,179.7431933,-0.986849803,25.5818567,1.89987191,143.8426479,0.599986859,4.629217343,2.396663532,22.55135223
3,0.3125,2991.48,2689.165191,0.894677879,9669,900,0.3125,201.12,224.4087268,1.96706871,898,14.03348188,10.61183645,1.533689651,46.62313168,-0.725754382,2.223012108,0.36891223,3.121451964,14.03490671,10.61291388,1.533689651,46.62786537,0.1625,216.3846154,165.874721,1.02350066,555,1.4875,87.03371203,57.67181647,1.719763723,330.4647797,8.323367689,17.90795026,7.419906742,177.415577,-30.80483036,115.0393216,0.247042272,179.9274529,-0.808198829,19.51274015,-5.892269853,55.74709282,-0.115807271,2.981900738,-1.914369223,14.77703976
3,0.106666667,9080.125,5891.942426,-0.086725287,16512,15190,0.093333333,388,433.9758058,0.77505091,1154,20.86574974,24.58130644,1.004192969,68.91667561,1.071607237,2.867820454,-0.696418519,3.127615171,20.86786826,24.5838022,1.004192969,68.92367278,0.346666667,345.7307692,632.2728245,3.737932876,3252,0.24,132.423218,65.89290287,0.428525032,246.2197945,9.315244195,8.311922947,1.822478293,33.57837881,40.45429575,134.1603669,-0.379645617,179.2961444,-3.850278645,8.756789374,-0.721703019,10.14928808,2.484246517,7.78091668,2.670542744,30.37049944
1,0.438888889,1970.012658,1614.858718,1.165924819,7188,425,0.433333333,311.0128205,391.1493385,1.98718572,1836,21.28708066,27.32345833,2.698846322,152.2302525,-0.119716481,2.253205465,0.059157619,3.139176836,21.28924195,27.32623251,2.698846322,152.2457086,0.044444444,101,33.3380949,0.36859452,146,1.366666667,112.1462075,62.63366287,0.926517771,375.3421171,10.62136225,17.37263463,4.918495204,163.4827391,-3.868176202,124.6086385,0.02220554,179.7614794,-1.235564378,19.21860217,-3.383579685,68.16289069,-0.007964951,6.642885686,0.572794062,46.06575397
0,0.346938776,2683.441176,2572.371729,2.167904088,13114,925,0.336734694,206.6363636,222.8694711,1.513130208,799,13.03803407,13.4249804,2.012184258,57.12781602,-0.614166222,1.842358827,0.100334416,3.13669123,13.03935783,13.42634345,2.012184258,57.13361626,0.030612245,56.66666667,2.309401077,-0.384900179,58,1.459183673,100.9721216,62.59334989,0.599123653,286.8879887,6.391162377,9.281902505,5.612723831,84.70385645,-7.729762842,106.6369956,-0.140963538,178.5438638,0.701027772,11.03648542,-2.661262835,55.21847066,0.039662064,2.222306489,-0.275997344,15.52591792
0,0.24,3910.222222,3550.43748,1.338377546,14525,1224,0.226666667,284.3529412,404.7631933,2.292587124,1656,23.50580612,25.77745106,2.107686317,108.2893186,-1.270757534,1.572287926,-0.323797751,0.130230507,23.50819268,25.78006827,2.107686317,108.3003134,0.093333333,124.8571429,75.76593028,0.814262357,270,1.226666667,99.42422937,71.35938338,1.109571992,317.9340939,6.826343158,9.568713107,3.454081377,61.76494642,-1.08010711,108.3389736,-0.063733955,178.9892112,-0.245265834,11.66931263,-1.956844714,31.9650829,-0.05782563,1.529914669,-2.931837268,2.486438466
3,0.380165289,2384.717391,2727.234388,2.566555864,14073,372,0.371900826,254.6666667,306.6770585,2.498247911,1599,16.15420657,22.05887738,2.294347639,103.2022012,-0.572239558,1.996561278,0.264013421,3.140187769,16.15584673,22.06111704,2.294347639,103.2126795,0.099173554,286.5,362.3487772,2.215272641,1380,0.537190083,148.4981967,86.09807044,0.660295734,407.1009177,10.52788291,17.94827642,4.737077831,118.6150244,-14.97261249,93.38325964,0.053552278,179.7144111,1.360976345,20.64360679,-1.796270547,91.0785906,-0.337989541,2.48113934,0.545619567,12.22453343
1,0.344444444,2586.322581,3524.92973,3.362451612,22420,22420,0.338888889,320.8196721,360.2696448,1.50022819,1529,22.54037777,24.49531647,1.732903062,117.704577,-0.292926204,2.004394557,0.086378606,3.127297094,22.54266631,24.4978035,1.732903062,117.7165277,0.111111111,162.55,146.4946469,2.491274093,700,1.022222222,108.8231136,66.71132981,1.425368334,431.819641,11.12349178,18.17110076,4.231533077,146.2588092,-3.8602904,120.2488036,0.012850325,179.8835844,0.46569878,19.42530722,-1.285199431,114.0877772,0.209704542,8.759182219,2.029263454,71.57449967
2,0.255813953,3572.886364,4181.673595,1.731870588,18468,2034,0.255813953,337.0227273,387.2446789,1.776375935,1699,22.7384235,31.48719747,2.275964054,137.3370124,0.032445217,2.129822389,0.055655037,3.135397893,22.74073215,31.49039439,2.275964054,137.3509564,0.052325581,89.77777778,38.89980006,0.645564359,158,1.529069767,76.976044,49.13690751,1.21131419,254.0358505,6.548317236,11.86737346,5.143668388,110.3692301,-4.433903155,103.6332087,-0.029944396,179.3437275,1.059739791,12.57198582,-1.674159569,68.50879904,-0.363974232,4.951647419,-5.588090223,13.57969629
2,0.482758621,1844.928571,1869.583607,2.837282122,12626,949,0.488505747,219.7882353,270.8009766,2.418554557,1472,14.56232602,18.0098953,3.258327313,109.7808923,-0.026000396,1.863528105,0.015458618,3.137452546,14.56380454,18.01172386,3.258327313,109.7920385,0.109195402,114.6842105,80.27664157,2.311101398,393,1.287356322,105.4588601,62.90197337,0.760746175,340.0045573,6.439742927,7.80596093,4.209842843,66.62273459,3.404852079,98.64989219,-0.009495142,179.906215,1.183866598,9.807415055,-0.886514193,50.46573606,-0.206965328,2.204977644,-3.773876687,4.112922831
2,0.301724138,3201.257143,3051.06246,1.98660146,14459,10540,0.293103448,133.3235294,144.2915232,2.162702032,627,9.497713831,4.257977108,0.777332078,22.72015216,-0.484883878,2.307434976,0.226535372,3.134607564,9.498678143,4.258409424,0.777332078,22.72245895,0.112068966,107.3846154,48.16903996,1.061744393,227,1.413793103,108.0699729,63.95700272,0.916953388,317.8089576,5.108225862,3.493715064,1.21769325,20.63372805,-2.747541623,109.2514999,-0.043900673,179.9583414,0.092769897,5.796036932,-0.535332753,13.19264156,-0.216780642,2.168189234,-5.890495228,3.045631045
0,0.225165563,4035.794118,4920.280158,1.859583151,21543,8200,0.218543046,420.8787879,482.4773154,2.013606705,2341,28.34849242,25.41205472,0.852360785,80.3108846,0.209073428,2.057892662,-0.018140283,3.12982459,28.35137066,25.41463483,0.852360785,80.31903864,0.052980132,127.875,64.59198867,1.142979695,271,1.052980132,105.7966715,60.97773893,0.680975785,279.0781002,9.844530568,18.77931549,4.59988387,138.6630491,1.922510149,106.6984652,-0.142456926,179.3280136,-0.17743125,19.10653419,-1.235812849,112.2466507,0.065307888,9.221373708,6.122213309,96.19719561
1,0.391304348,1817.365079,1814.902346,2.964567137,11582,841,0.391304348,750.5079365,676.641156,0.775136259,2468,53.44969062,52.65224663,0.922126388,184.4432795,-0.019466098,2.168006968,0.015617231,3.132340535,53.45511741,52.65759246,0.922126388,184.4620062,0.080745342,139,100.4821709,1.080336706,387,0.931677019,140.1728692,78.53615141,0.484279211,338.8948975,15.00331086,19.54318179,2.469298833,103.5874566,4.601580417,101.0355763,-0.033997543,179.9840617,3.183450226,23.30270861,-0.718844378,103.5824266,0.009993333,7.432743196,-0.906183493,35.10269666
3,0.1375,6801.545455,9439.28842,1.601493961,31872,11445,0.125,532.8,293.1688175,0.934262346,1213,29.10063675,20.48992101,1.188874501,78.87991009,0.034149853,2.378709659,0.007445133,3.101660779,29.10359137,20.49200137,1.188874501,78.88791884,0,,,,,0.45,29.22967185,27.32318954,1.454805054,104.3393898,11.62599224,19.26301011,2.060450021,84.70072107,-11.1144795,106.1829605,0.161145874,179.4074795,-0.931263991,22.04706553,1.063781182,84.69743937,-0.169885177,4.805521659,0.496775093,20.20361739
3,0.266666667,3597.65,4559.772031,2.063140132,19293,1766,0.253333333,179.6315789,211.2855389,2.252046097,913,11.49676518,6.939093198,1.539350035,32.90019036,-0.356882574,2.015902271,0.015180014,3.110658646,11.49793246,6.93979773,1.539350035,32.90353075,0.066666667,223.8,217.3205006,0.802061224,591,1.093333333,101.9997885,52.56857691,0.812872019,270.1942555,6.697080272,9.240826276,4.969325372,71.91802787,-12.87607636,115.4668657,0.089091946,178.7471325,-0.087079754,9.518864804,-1.636271971,31.86296806,0.379880721,6.316369129,4.33989376,47.29499315
1,0.538888889,1374.061856,1262.074696,2.125073095,7141,322,0.533333333,482.9583333,564.0429979,3.20466292,4144,31.22949354,32.20480027,1.435430978,153.0654963,0.023684584,1.901215406,0.034909166,3.128248487,31.2326643,32.20807006,1.435430978,153.0810371,0.072222222,79.92307692,25.61074494,0.872903358,131,1.105555556,133.9340877,57.36098726,0.708706549,326.6080082,14.28746719,17.98472111,2.461494279,91.78490475,4.189344119,115.7874552,0.00110064,179.9326877,-0.284030187,20.07991142,-0.418141636,71.24091997,-0.629638373,11.17173459,-0.5925416,45.75024724
0,0.571428571,1395.517857,995.3581355,0.884216375,4147,1935,0.56122449,361.5454545,483.2854696,2.965085247,2844,24.90230015,21.89103914,1.492728409,106.5186288,-0.674457233,2.053632824,0.268036205,3.136472788,24.9048285,21.89326176,1.492728409,106.5294437,0.06122449,231.1666667,254.1774315,0.529035912,568,1,162.8516215,67.68580094,-0.195341264,334.8877145,12.61698464,16.4859881,3.911464776,108.5325677,-13.14123759,117.2708742,0.080442044,179.9708181,1.576299706,19.094187,0.667886049,108.4981375,0.401776422,8.062150321,4.85710858,65.24709069
0,0.613333333,1144.630435,888.752718,1.555006892,4556,1204,0.6,497.8666667,445.2968162,0.946817579,1739,46.79031419,43.70011081,0.963143807,157.4352233,-0.293378733,2.164970177,0.121235205,3.137325525,46.79506485,43.70454772,0.963143807,157.4512078,0.053333333,85.75,12.76388133,-0.215727219,100,1,176.7735527,75.00391359,0.220205203,356.9476871,18.11421012,25.85757115,3.350348106,147.3648472,-15.46177278,113.8327104,0.072106312,179.4614567,0.385216026,30.60793768,0.181206127,147.3279473,-0.161661428,7.977381814,-2.503764898,24.84133012
3,0.165289256,5800.35,8932.39427,2.24633665,36914,1805,0.157024793,269.8421053,292.4736005,1.170135152,978,19.80732359,19.82987157,1.234545741,67.92630887,0.338387236,2.189067264,-0.303060898,3.133173363,19.80933465,19.83188492,1.234545741,67.93320549,0.785123967,723.2,935.3062373,2.472236893,5017,0.479338843,135.8242833,52.45260071,0.710810008,294.9362245,10.72832481,11.81506254,2.436460155,60.22632178,2.020059279,122.9867525,-0.083999414,179.9060814,1.737555459,14.45506033,1.874532708,59.36447891,0.537899341,6.649766074,2.523344662,38.19382536
1,0.472222222,1829.023529,1871.620834,2.220571587,11253,3509,0.466666667,288.702381,394.5801728,3.758001159,2879,19.41272032,23.44458705,3.134119562,159.2923463,0.068987016,1.995511938,-0.004233622,3.141113091,19.41469131,23.4469674,3.134119562,159.3085194,0.233333333,95.95238095,55.34105008,1.971567287,311,1.483333333,104.9075088,51.68087847,1.231239997,336.0039463,8.636261661,11.45942,4.190901578,97.78717747,5.730593182,119.6168177,-0.023876883,179.8349005,0.264508942,12.69505962,-0.772763556,69.12614203,-0.211716991,6.69578885,-2.539600796,31.76213196
2,0.476744186,1628.512195,1599.973682,2.206490007,9455,1443,0.476744186,467.6341463,501.3269925,1.803616378,2427,29.98770299,30.67227289,1.621511273,144.8755852,-0.281876789,2.131484883,0.128851596,3.139037362,29.99074767,30.67538708,1.621511273,144.8902945,0.069767442,84.41666667,30.18566286,0.894358425,142,1.23255814,119.309329,66.88897647,1.329384449,411.5528383,14.10580739,24.56945121,3.930262085,177.0378012,-15.11473208,112.8607092,0.161906667,179.9421458,-0.126907729,26.82786258,-1.735784448,124.0415763,0.136154321,9.133940046,2.007055251,76.86099513
2,0.557471264,1349.731959,1624.854542,3.899620578,11600,1675,0.557471264,439.8659794,479.895662,2.002259981,2600,29.63511199,29.88935986,1.435543253,119.2446842,0.140353733,2.133257668,-0.085446743,3.128575299,29.63812087,29.89239455,1.435543253,119.2567912,0.068965517,81.33333333,31.92415254,1.752946449,171,1.252873563,145.7017729,61.62508085,0.547096169,349.9564086,13.57986772,17.74040517,3.832529205,158.7657081,-0.074262044,120.0576615,0.0143947,179.767816,-1.167338784,20.42981877,-2.176801947,74.44535273,0.232350222,9.001947339,1.879346893,48.90045178
2,0.448275862,1989.115385,1581.063549,0.863329202,6386,385,0.439655172,256.8627451,325.7770415,2.04110781,1514,19.63096273,24.0658515,1.918345289,94.97586971,0.200077437,2.095977551,-0.032548186,3.13755932,19.63295587,24.06829493,1.918345289,94.98551269,0.129310345,90.4,24.14775943,0.422192227,142,1.629310345,102.8587515,58.12857965,1.508318399,386.2524645,9.076481095,13.46583197,3.383694638,88.46740616,-3.546628261,107.27764,0.001185139,179.9866411,0.083205639,15.27046538,-0.275653274,88.0960801,-0.014901498,5.555147412,-1.474993773,28.31381691
0,0.463576159,1710,1663.006819,1.908025573,7886,7427,0.463576159,446.9857143,362.1143023,1.083135541,1683,34.88494311,35.82446608,2.34989,188.6138675,-0.505468213,1.937684239,0.220732616,3.138777139,34.88848501,35.82810337,2.34989,188.6330177,0.105960265,73,17.1152953,0.667628642,112,1.225165563,124.4154217,75.78634518,1.680829138,560.775713,15.73654328,22.31131356,2.894885238,143.1682537,-14.32692047,108.3254899,0.097091914,179.6936761,-0.697185901,25.20050108,-1.839315755,92.27847295,-0.103212328,10.50136752,0.502662556,47.14340923
1,0.534161491,1340.360465,1106.373045,2.10796295,6917,554,0.527950311,546.4235294,494.0332883,1.247575218,2142,40.02178623,39.09739721,1.435540704,179.0128271,-0.34395828,2.132285506,0.122961356,3.140973015,40.02584967,39.1013668,1.435540704,179.0310025,0.130434783,74.47619048,20.01404269,0.529236257,116,1.149068323,156.8725254,61.43735262,0.193484035,365.7699645,10.91680889,12.18353384,3.975167125,101.9409484,-15.62036235,122.6012532,0.089762981,179.9926914,0.247212766,15.29946025,2.042876106,101.421077,-0.240314879,5.824630673,-2.53381377,22.05790807
3,0.5875,1261.957447,715.4698352,0.626218803,3059,1212,0.575,449.8043478,428.6607889,0.799470636,1610,32.42268769,30.33049418,0.98441936,112.9937052,0.326832985,2.08502727,-0.100306838,3.135340406,32.42597959,30.33357366,0.98441936,113.0051776,0.1375,201.2727273,191.5834497,0.831218511,559,1.1625,155.5438734,66.83791655,0.744898658,341.6987303,11.60004783,11.11568513,2.661841856,68.41719043,17.04411457,122.561682,-0.132003264,179.5650448,-0.027852392,15.13324574,1.338569655,68.40799568,0.692196276,5.477899347,2.913229832,26.75401115
3,0.48,1673.333333,1531.202795,2.074883433,6901,1488,0.48,412,410.9150069,1.333309074,1526,28.42530778,34.50110977,2.490142516,169.1589771,-0.159337843,2.107069507,0.078146236,3.127686775,28.42819383,34.50461269,2.490142516,169.176152,0.013333333,70,,,70,1.226666667,121.8887177,53.80909008,2.051119516,354.6534632,9.626493664,12.38278129,3.743788981,77.69999218,3.819310402,115.1711025,0.025146678,179.2032519,1.013782059,14.65447275,-0.176504735,69.8271832,-0.154443898,5.559462868,0.244859892,27.1682024
1,0.538888889,1413.453608,1377.677272,2.269253276,7974,340,0.538888889,437.4948454,429.7537115,2.446319697,2848,38.54062971,38.98085928,1.674457048,196.394411,-0.219151563,2.187973383,0.133847704,3.134197972,38.54454277,38.98481705,1.674457048,196.4143511,0.077777778,101.9285714,34.39692358,0.517636185,184,0.961111111,203.4085249,86.52844799,0.170285386,397.1528981,23.81332541,31.19045279,2.749659218,166.4344383,-1.142854469,123.0308683,0.07945472,179.8261028,-4.834765759,37.21666149,-0.853125323,166.4212012,-0.565582474,11.53780531,2.015854109,87.12388602
0,0.397959184,1988.025641,1559.212799,1.177444981,6039,1168,0.387755102,540.4473684,471.6675821,1.856805588,2425,36.10768311,29.40942014,1.525656268,147.7422994,0.033094023,2.184875786,-0.024010971,3.13341309,36.11134915,29.4124061,1.525656268,147.7572998,0.010204082,118,,,118,1.316326531,153.0857663,84.57153901,0.347876633,359.1534411,11.26007514,16.6014904,4.412152362,123.2628074,1.001117839,119.2838075,0.023573674,179.7852529,1.02116102,19.9587341,1.807170166,123.2604585,-0.123252206,1.980730229,0.903245809,12.31169501
0,0.573333333,1302.209302,1024.126424,1.151937278,3801,733,0.573333333,442.2790698,399.747261,1.564413125,1660,33.24734436,31.83075503,1.972960901,161.5104348,-0.348042269,2.147256013,0.148819699,3.130196256,33.25071999,31.83398683,1.972960901,161.5268331,0,,,,,1.04,160.4916937,90.80298278,0.31164541,371.1900521,11.83541157,10.66847122,1.646263325,51.15099922,-5.876144739,116.1743721,0.012898641,179.5338034,0.642910236,15.32928244,0.52064374,51.09765757,-0.043022922,4.502579886,0.228174555,16.85266658
3,0.380165289,2201.913043,2887.509514,3.581700483,17540,3280,0.371900826,439.8888889,407.1721895,1.370201258,1768,46.57182789,42.47175472,1.051259563,164.7400487,-0.165487024,2.302301529,0.060823536,3.13488023,46.57655637,42.47606692,1.051259563,164.7567749,0.20661157,108.76,76.81811852,1.644720713,328,1.148760331,180.6570235,104.899524,0.699296606,442.3754761,22.29518624,31.6577637,2.921899077,202.0179004,1.11963226,127.1479858,0.044914754,179.9826395,-7.442872359,37.69160757,-2.014921464,80.27339399,-0.12987817,4.808450714,1.18392905,22.35018967
1,0.35,2124.968254,2462.06671,2.383313072,11587,1735,0.35,729.1111111,638.0897427,0.962485443,2879,49.41348354,42.40544994,1.048028036,183.7359432,-0.10196432,2.126505859,0.009445926,3.140373786,49.41850053,42.4097554,1.048028036,183.7545981,0.033333333,105.8333333,51.09370477,0.807315417,200,1.105555556,119.1974509,75.42630398,0.895641178,383.7005496,20.22520905,30.83383493,2.264320017,185.4039769,-1.352713938,119.1867136,-0.002804237,179.9941211,-1.491670976,34.91346745,-0.864006315,117.0693899,-0.144846472,11.83519673,1.659102133,98.48044125
2,0.38372093,2310.121212,2457.83727,2.349524684,13941,2423,0.377906977,300.6615385,443.103694,3.025949181,2272,18.08210472,23.1498222,3.152156241,123.0682521,0.241870738,2.23458778,-0.120960456,3.133249744,18.08394061,23.15217263,3.152156241,123.0807473,0.01744186,73,16,0,89,1.122093023,106.5753978,55.01065752,0.707909618,296.5938204,6.252328362,4.946835848,2.426247699,38.11899765,2.983784625,113.7570177,0.005284127,179.8241105,0.265608633,6.735342245,0.126888172,20.88866984,-0.266939491,4.270601044,-2.814822632,17.15253658
2,0.557471264,1138.690722,1029.357206,1.949646162,5142,2147,0.551724138,659.0729167,614.9167037,1.174770418,2912,47.92526019,47.47466098,1.398937237,192.2750418,-0.051464837,2.052764264,0.010869576,3.139678935,47.93012608,47.47948112,1.398937237,192.2945637,0.022988506,85,5.099019514,-0.396003734,90,1.24137931,182.6481692,83.24805202,-0.13379589,398.1272413,13.45430622,15.12828937,3.780400065,124.7923956,-8.498630923,116.8978222,0.0128102,179.9651235,-1.060928523,19.54895692,-1.937779457,53.36998594,-0.273209703,5.22541885,-0.867340662,20.83219054
2,0.387931034,2282.288889,2185.474326,1.471961439,9344,1387,0.379310345,315.4090909,396.5533671,1.858129866,1671,24.50487849,27.83408299,1.894995755,124.5343855,-0.287560135,2.396576641,0.145005122,3.128800794,24.50736649,27.836909,1.894995755,124.5470296,0.017241379,130.5,41.71930009,0,160,1.405172414,138.4307249,67.29281069,0.208278037,296.9807288,8.780838267,10.37645853,5.42550253,97.9294443,-8.051475069,118.0035566,0.089294254,179.9996809,-1.023320442,12.75180468,-2.067639039,65.52681164,-0.438493102,4.609472496,-4.816719742,22.1074915
0,0.437086093,1653.651515,1649.574989,2.34789972,8742,474,0.437086093,632.8939394,470.3694826,1.109553986,2298,46.400714,39.86251986,1.080265091,179.5886745,0.011661096,1.883326593,0.012334117,3.132513009,46.40542511,39.86656714,1.080265091,179.6069083,0.052980132,119.5,53.28628878,0.394030709,201,1.013245033,149.962274,77.06444257,0.798617004,381.1042194,20.99166901,26.43788947,2.140166319,149.5787493,-1.412743788,115.1888881,-0.033478028,179.8583102,0.89230087,31.61137558,-0.734741938,94.15353165,0.0261643,11.89752523,-0.148776414,52.09511893
1,0.51552795,1056.722892,644.586506,1.259143773,3229,1803,0.51552795,889.0481928,749.9088059,0.991091029,3067,67.51871184,61.65764348,0.815072857,201.4817603,-0.211106319,2.103746664,0.059543089,3.138093194,67.52556707,61.66390363,0.815072857,201.5022169,0.043478261,104.5714286,45.76336651,0.170971853,174,0.745341615,206.9067047,95.18593033,-0.393301312,417.6553711,14.8537078,15.39177657,3.411057791,114.4334301,17.11147394,121.0133927,-0.156657662,179.9756195,-0.692168713,20.00008071,1.039705359,114.0205896,-0.322018539,7.665640996,-0.763329076,33.6549151
3,0.5125,1371.390244,1106.645311,1.216892771,4617,2956,0.5,593.35,436.78743,1.144498206,2100,54.31931972,44.2279058,0.760663548,180.3583049,-0.653890778,2.16081165,0.343216628,3.130751203,54.32483481,44.2323963,0.760663548,180.3766168,0.05,78.5,15.02220579,0.743360397,101,0.875,195.3297743,89.36169853,0.642891009,492.079854,22.7622855,27.50422021,2.557840489,142.5998498,-33.17184495,123.0471396,0.279737723,179.9331234,-5.474606558,33.4722151,-1.236410344,94.88656891,-0.955453349,11.38609991,-2.849096142,28.87112157
3,0.613333333,1197.891304,955.3753475,1.584315106,3883,3787,0.6,447.2444444,360.6090905,1.423388193,1555,34.65396673,35.46804097,2.598368297,196.2550604,0.286049511,2.022274479,-0.050939685,3.046042473,34.65748518,35.47164208,2.598368297,196.2749864,0.066666667,99.2,23.44568191,0.034010932,129,0.84,201.1424655,85.44183507,0.733109749,431.2603435,23.60339417,26.68678076,2.623585187,160.525371,8.451924829,118.0609152,0.058711738,178.8496183,-1.995247,34.35282367,-1.175702805,82.93111843,-1.769131704,9.484631689,-1.86911573,18.26916974
1,0.522222222,1337.712766,1487.45795,3.040058221,9030,621,0.516666667,580.6129032,444.6445828,1.051530034,1843,42.97126578,35.2721157,0.984254108,136.2098071,-0.086631785,1.969209374,0.095152477,3.141220581,42.97562869,35.27569691,0.984254108,136.2236366,0.016666667,351.3333333,356.4173584,0.265552884,748,0.927777778,189.4325255,85.62988484,0.712081283,462.8701052,23.14487784,25.07398062,2.684208079,161.9577637,-13.15063061,112.6401937,0.085715342,179.8703586,-0.786668354,31.82964437,-1.297551505,95.55430393,0.388148008,12.23556337,0.699708465,53.68913805
0,0.56122449,1338.527273,1947.758017,5.799940434,14643,1659,0.551020408,452.8888889,547.4717419,3.586144549,3569,31.81037523,38.59410706,3.900863321,259.6678207,-0.23300798,2.127825345,0.145436113,3.141539246,31.81360496,38.59802556,3.900863321,259.694185,0.020408163,221,171.119841,0,342,1.346938776,132.913944,107.5303732,1.385948504,603.8591708,17.76011005,31.26209738,4.393536301,256.4506438,-19.77714217,110.53214,0.132294121,179.9758235,0.708401013,35.67463809,-2.298377296,145.0766544,-0.664581783,4.498835602,-1.048881208,16.0445599
0,0.32,2574.041667,2852.211354,1.561566454,10785,449,0.32,548,423.0881294,0.830021637,1483,44.81410426,50.7712475,1.767710163,202.2207319,-0.212515411,2.316142574,0.100940555,3.090376036,44.81865428,50.77640235,1.767710163,202.2412635,0.013333333,143,,,143,0.866666667,137.9133856,87.40416948,1.396368675,413.4183248,18.93573063,22.02632338,2.160754489,113.3474826,13.42777231,121.075457,-0.03221518,179.6591442,-1.379335752,26.69822555,1.389813838,113.3358876,1.033036103,11.4831857,1.943286248,60.01089209
,,,,,,,,,,,,,,,,,,,,,,,,,,,,,,,,,,,,,,,,,,,,,,,,,
,,,,,,,,,,,,,,,,,,,,,,,,,,,,,,,,,,,,,,,,,,,,,,,,,
,,,,,,,,,,,,,,,,,,,,,,,,,,,,,,,,,,,,,,,,,,,,,,,,,
,,,,,,,,,,,,,,,,,,,,,,,,,,,,,,,,,,,,,,,,,,,,,,,,,
,,,,,,,,,,,,,,,,,,,,,,,,,,,,,,,,,,,,,,,,,,,,,,,,,
,,,,,,,,,,,,,,,,,,,,,,,,,,,,,,,,,,,,,,,,,,,,,,,,,
,,,,,,,,,,,,,,,,,,,,,,,,,,,,,,,,,,,,,,,,,,,,,,,,,
