0,1,2,3,4,5,6,7,8,9,10,11,12,13,14,Label
0.01675433854800455,0.03613829705812726,0.04627709205687501,-0.0502307832720656,-0.15821016872382646,0.15317627393094868,-0.005588246407457644,-0.19663943537616652,0.10292007132399282,-0.06899787740988902,0.08942003932717799,0.17757123443527215,-0.047722394550701576,0.018823411798907157,-0.003907631324427577,1.0
0.159293692709368,-0.024460928184069582,-0.04490669900490274,0.0008112292968259346,-0.08124057858680776,0.12635240899122255,0.1515685848459666,0.046349998203312474,0.09889978037379242,-0.17973897325777927,0.10913649492113209,0.01620016887984011,0.03175297025959737,-0.018181559803359264,0.08763742095557765,0.0
0.17772084658151888,-0.026060348726608663,-0.029301145906681064,0.013851728536852908,-0.03315198028130953,0.15271725692796442,-0.16752844758953983,-0.1774010194913121,0.003109693794334651,-0.21428511430123282,0.07208662014508146,0.017901792584419773,0.024373003058529946,0.029151342930862884,0.10659165244576092,0.0
0.17882427836838763,0.05736828522487701,0.04578344222973466,0.01820279666848845,-3.6269691931128375e-05,0.19378585237048673,0.14023281517140598,-0.0486474276069181,0.06518684333700987,-0.03100756790307658,0.12969422147015605,0.010457234188145497,0.03133399139050726,-0.05381733411750857,0.0709707685327073,3.0
0.16618106612854916,-0.033985491286850966,-0.06701556237029056,-0.0007741042475481702,-0.03915925648602317,0.1073062424722558,0.04932414268767009,-0.011757074238048327,0.18051585593986283,0.24876559811516372,0.08688202229201111,0.09626973106378203,-0.06225211917345815,0.00891460040762806,-0.0005348015704822775,1.0
0.15691539164499155,-0.0208067390739939,-0.08204358141399663,0.005620762965731653,-0.050765917934030576,0.19247164441190032,0.11437991132224656,-0.04487207974775947,-0.03266073294785306,0.04049410703460427,0.0869442364564135,0.08450867602777276,-0.060523241878549044,0.006436138794404798,0.0004460498807378207,2.0
0.1714450026686944,0.02112075520482337,-0.05636599847710895,0.012254733931214344,-0.06118405470410928,0.17538514101692323,-0.031997653813382924,-0.14931575977780456,0.09767949736509983,-0.1964315283446499,0.14049787914383757,0.04991595223772573,0.0011910083210632313,-0.0709740000191629,0.021040416014238204,2.0
0.17484802079814601,-0.016319410245977172,-0.06745606725060863,0.006421470332002536,-0.018179990266794992,0.15715214872724567,-0.05540372853686054,0.022039014336696743,-0.15934216352346323,0.05704680999464268,0.06920373293904285,0.013207050688877797,-0.013768252016937594,0.03274299603104876,0.02305868432245677,2.0
0.18980808948367645,0.004924021172573981,0.010614684078362446,0.01152730405287983,-0.024962985672401017,0.1310119170638145,0.08770658169787386,0.09164969382663252,-0.027167710877093472,-0.27663870670837626,0.14138831130258903,0.030194204790172985,-0.004423533826954228,-0.09664209257191601,0.05110059985398625,0.0
0.15381639553616375,-0.039488939403287064,-0.047067543970587364,0.0013807075536408889,-0.05018546859036212,0.13976953972258743,-0.16890776595006407,-0.1328950250017551,0.06198461497247791,-0.1847731542342203,0.0675129252748104,0.19801697698404055,0.07925222912558721,0.05091677706551134,-0.02351344071918746,1.0
0.18166775877228053,0.01678226021691909,0.017944346788866142,0.018332691181427243,-0.035645970548224534,0.20655866409454465,0.1046480080719665,-0.1243857475077252,0.11954184851709294,-0.16078818784649412,0.13029259757062078,0.02625034925335407,0.1157775124629076,-0.007240446182425529,0.07233806751743287,3.0
0.13175637927459813,-0.04463620777180719,-0.09677594145784632,0.026261496021180025,-0.047383300410772246,0.044766914851943146,-0.05320474244312472,0.14777257626889354,0.16589260672347278,0.27359848596140046,0.07826070615582892,0.039312830420057454,0.04843423728911659,0.028027271530908712,0.12251299324502979,3.0
0.1214676719386483,0.05271556001965206,-0.013660698924741253,-0.003692594763904188,0.0717625947761931,0.14339105351544806,-0.1720302998990765,0.03014468947276297,-0.15266464133811178,0.1175404639301087,0.02932056288846994,-0.020591141816844634,0.019364130687369897,-0.14189542665375612,-0.012972169671419106,1.0
0.0329324771942009,-0.13479994098467604,0.10090180273912716,0.02977655250126299,0.04025266216269774,0.15122227807803237,-0.2191232912826532,-0.0342196475774461,-0.19981372173656745,0.04989096109633512,0.14013251227684642,-0.0001312141720207572,0.10533827745598262,-0.09136008892196071,0.0902873141324063,0.0
0.11077340874538008,-0.08286368551434131,0.08006213215043215,0.020920223210940923,0.04827327389474823,0.09460606371734713,-0.17267258664272483,0.10635864034353468,-0.18191100384418513,-0.002662078678577817,0.11794482268119867,-0.055782912680704295,0.3468752219396763,0.07291502730590012,0.0510777317145977,0.0
0.12673107666231018,0.0026209611839261866,-0.0026069376498204285,-0.059669466234081696,0.055741937064106344,0.11106173637996102,-0.09635466410513405,0.13886164645758484,-0.16407980329393865,0.0955223862522088,0.13267387088243512,-0.11259185356289621,0.07536915170110448,-0.10530349726469991,0.05069341818063546,3.0
-0.0012889313518372639,0.05213468686678986,0.022508322530067605,0.015389899746233787,0.13453502802874873,0.11549446549985722,-0.06999040972269913,0.04234092105606796,-0.19249421621989896,0.12474901778496238,0.1087460189448216,0.10626529224651936,0.03661430386469207,-0.09628544535099005,-0.014501935229987545,1.0
0.03730560359649316,-0.11913993257999148,0.07727824351384681,-0.007288309185656561,0.07569269093094876,0.15573217678231352,0.04660655771436554,-0.007477055002708757,-0.10110156530119843,0.16014329111138834,0.1292605137109225,-0.07617756508201043,0.03749948672322339,-0.18405905697001976,-0.07064732908507822,2.0
-0.004429048304071419,-0.15010007853138368,0.08639872980040808,0.05737367072616456,0.06482796120922715,0.15568592959526195,-0.044369863537206754,-0.016795296029561327,-0.1733259841730093,0.10521377647605129,-0.02828199808360632,0.004815490863108897,-0.04754116652743668,0.0834295174866822,-0.16721742693260516,2.0
0.007547041229967734,-0.13377538384085355,0.0967678360446699,0.050912220692437164,0.08402199178237751,0.0606862643349519,-0.09530626982818331,0.1684223522221514,-0.10503895935579854,0.1301215861521437,-0.0029586200568067563,-0.03465040169446235,-0.060768908436020286,0.05987082104488824,0.0010559984477970723,2.0
0.14165433983088532,0.030549188787843115,-0.051103127591985015,0.005299108474818341,0.052014386846821005,0.11483690087431986,0.010646296194130777,0.17458140914735415,-0.18548476232859415,-0.04501774420452295,0.12891013649530073,-0.031574110741356146,-0.018918320193897435,-0.08986051842183625,-0.013693974305540016,0.0
0.03571787407869112,0.11462462736094697,0.009627867103669033,0.015902543768662274,0.07953701766095635,0.15478531114622357,-0.05225137155233677,-0.034587428092425904,-0.20885604632926433,-0.009053917830911397,-0.007260266089762149,-0.02268456312446013,0.03386178537494475,-0.10173610240758879,0.00278774997399724,1.0
0.15053171250650704,0.007046746767265393,-0.014542780543360244,-0.061395342380978206,0.0006265515772498273,0.13000164888934357,0.06716350837209645,0.16415365661351947,-0.04559676329965554,0.15895126913358337,0.13352275900245497,0.07582336172202518,0.12019196430413404,-0.04926447353440152,0.03317839596835999,3.0
-0.0477950886854915,0.04172171237241487,0.03612850683797914,0.04749743241070242,0.12316220974414557,0.08376494401621984,0.09803873584320019,0.2274181530170169,-0.008404620236220002,0.02734440024839673,0.10428061086868852,-0.04407697468808001,0.3326035978511631,0.10249543996689314,0.05931576987339858,3.0
0.08950688344027455,-0.07659756298809897,-0.061610361264435295,-0.0033230954614322543,-0.06789141284563438,0.11302398808166211,-0.22937926100248415,-0.1938653383525187,0.11881179428068236,-0.13232572324726555,0.07926487186743236,0.08842993321836584,-0.043222833165289534,0.034208523903800386,-0.01733162149672735,1.0
0.08201956990465574,-0.07862069648953972,-0.09613924810740865,0.016635678730812887,-0.05791066521314797,0.11726085350934878,-0.15685322041933414,0.007135229497483895,0.01296666047864884,0.23143251844821935,0.05163881900939726,0.005579484694421546,-0.02655746571216036,0.03709777821227711,0.05807127478773694,0.0
0.10016169658025277,-0.06696114859639354,-0.1295318835144984,0.051443990448101086,-0.04455845357071033,0.027330225212713662,0.02702007475970797,0.22018767754274904,0.10734068501304787,0.34067364519408355,0.061448831920738,-0.01475103057556413,0.026626776761423627,0.0323591984713221,0.10972226909858177,0.0
0.0916103817491102,-0.08650084212608547,-0.06066902186974046,-0.011102746747613253,-0.07258199782504,0.10702701287498426,0.09900177423467087,0.19329251305799527,0.0105497370940293,0.19638720110016467,0.08244395146898421,0.05388556059246505,-0.02017654830779714,0.017765819344683728,0.0561351557859675,3.0
0.11117371272510813,-0.06461728259921985,-0.04326009940849028,-0.010226059401091244,-0.06346238814612422,0.06732279249641261,-0.13459039945783563,-0.08527680071977285,0.12029332564946876,-0.13661817286946845,0.09438033907764345,0.07949867459883762,-0.05102029953020663,-0.0024073203995779086,0.011229781886383202,1.0
0.09213159078882474,-0.06526004213924012,-0.049198750953609476,-0.01517856657862845,-0.05981748970392585,0.16907045936623832,-0.09012721431154751,-0.16769313287103452,0.056810357488644964,0.09988394792645561,0.07638481982211516,0.11130593255746987,-0.06548400070428553,0.026042452151836634,0.004515249839555775,2.0
0.08790377787684397,-0.07030152462176682,-0.08787334474958422,0.008894906037243808,-0.06496616744389705,0.07561959795679998,-0.23851765933957952,-0.049338351618338605,0.10915836468367969,0.12082250003301762,0.07843704220910348,0.06479313395119905,-0.06468229211199254,0.009530765024563804,0.0017409879349207552,2.0
0.0800075916678159,-0.06323377260789441,-0.08061879370324396,0.0006084625319437133,-0.07690835773466402,0.18854048154059305,0.2114932765527709,0.020467704436901376,-0.04671149012759635,0.023526983102659334,0.07382696169082552,0.10585230466298949,-0.031414031317008144,0.03942662127199001,0.04610802984058078,2.0
0.08981336869365199,-0.08143983879410169,-0.0809803560861379,0.004035321659174247,-0.06474920768838545,0.14199105577373064,0.14578902299502222,0.10285844704499995,-0.11643638118547793,-0.25093532086699794,0.13978092725028102,0.0036239054112489474,0.015113109343577283,-0.06826554977851154,0.006681544977714906,0.0
0.10150853903348613,-0.05929774283856252,-0.059401757449418745,-0.009226845065164949,-0.06408842717924157,0.12101998372416671,-0.11667522003872846,-0.11471719935909855,0.20375969957383186,-0.03567155411342827,0.07936986257810243,0.10501398715740913,-0.028835489760652103,0.047019062995013496,-0.007626880498298513,1.0
0.1091907902823991,-0.04769314662252615,-0.02709971810803141,0.0016566865915310074,-0.03819200543656612,0.10874270115815886,-0.0761954062716448,-0.08292199587103978,0.08822822492966813,-0.20531549563932536,0.04327537228277231,0.0454121631514538,-0.011980975228513095,0.06430382544813944,0.084219767477268,3.0
0.1288293228099701,-0.03324530790927937,-0.004347540342773563,-0.006317958518788328,-0.052095367096894774,0.1460082850914273,-0.05088400925883098,0.0011151957670375132,0.02078404571558087,-0.10715217553685669,0.040671902198866176,0.08218944247501175,-0.010161405496711658,0.07709802592493051,0.08631084782052853,3.0
0.11291844152489064,0.0772461152758631,0.04136619679465637,0.013382181445644473,0.01693215070487504,0.1871481731651977,-0.04247762956692291,-0.15173925961484325,0.17182688584824618,-0.12967789639067748,0.06848067801394915,0.05887967983368483,-0.10757704181634761,-0.020820961241818894,-0.11640833653257607,1.0
0.09589399196302781,0.13835518612461312,0.12245367457386434,0.10080294026971234,0.020145392173852895,0.03961379343953544,-0.005761168108024798,0.18111323333892243,0.24159260827245427,0.19142701807299425,-0.05290732580891548,0.12373556596729318,0.029469673240687787,0.04336215365180075,-0.019337498244165068,0.0
0.16188082782842117,0.012929442961958916,0.006360921995338645,-0.017308003643606486,-0.0904903332133169,0.14156610119799026,0.15741386477859884,0.0744303138669871,-0.060473336842445394,0.1620352052272689,-0.053658470915516746,0.08424522877061623,-0.05405404779670862,-0.029334019006346967,0.14048144501843823,0.0
0.06290668641049658,0.12649768711552095,0.020696619639446752,0.08170604277942223,0.004884334372720227,0.0796270734752608,-0.058816238536312695,0.18469309737646786,-0.11315280133725165,0.17690535353949224,0.15025892602239874,-0.017029973770790265,0.09210984511128358,-0.12006191544854179,0.05953376236896434,3.0
0.17467429542086765,0.0869916252186068,0.05752728006551539,0.04829054264388487,-0.04131357484774164,0.1586209275661718,0.05623646130072514,-0.06469891437902456,0.11365137287357306,-0.04813245708920003,-0.048327173401149705,0.12712441083747383,0.008813515202532391,0.027701581106716975,-0.06014139333781201,1.0
0.16693745805107435,0.06411892964232277,0.08109634937833643,0.012211370478362045,-0.04474131193122176,0.2195418178442357,0.15627251077042045,-0.13155222852117224,0.05527657286758616,-0.22740156049086988,-0.08167023440808986,0.16565745388098713,-0.14305671284850643,0.11608711389050402,-0.1583268331417708,2.0
0.17948446907062413,0.02974920266529673,0.04721179868188699,-0.0104584754327004,-0.05158247000715015,0.22794772720854048,0.13740029997386788,-0.08864354243608771,-0.05498132782831557,0.13638627883820728,0.09224361667816194,-0.034811987517742886,-0.12331702222766254,-0.1161672778072646,-0.021115516480743356,2.0
0.1868854822949494,0.058014480496533904,0.051405398038677795,0.0177102232811062,-0.036214500916758645,0.17640298232868812,0.1885085800656442,0.020457584632938782,-0.02701276305374263,0.1746510770421537,0.05420408592306177,-0.0056190710951667016,-0.10353716074972942,-0.033009127252512684,0.10039509056041973,2.0
0.15792546521018858,0.11363994132492994,0.07588016309852876,0.06320096114072453,-0.011230338696358727,0.12951493294262656,0.09126175841448128,0.13454438910179894,0.10881731513374021,-0.2718924847672231,0.15238823046210953,0.021776933115177317,0.059820310141456855,-0.13638162825164882,0.009692941681990457,0.0
0.1403997206236972,0.141485488735066,0.09045454013272063,0.038627159245606335,-0.04482785766367152,0.08969780420593179,-0.04153011808599992,0.026870067488374352,0.28437775982930336,-0.06036735666522198,-0.033738425048221256,0.07513308847477083,0.0037681089155102428,-0.03658198533448167,0.013696840728129071,1.0
0.07056612269570631,0.008834925804863914,-0.01938495340655231,0.047010013856000205,-0.03155575844285913,0.05007599103365381,0.019764248319622126,0.11574419410200362,-0.02754931773763729,-0.08809346876197556,0.05167241793919862,-0.021778764316864315,0.15206279832018668,0.12695750592525146,0.056275855409445213,3.0
0.137189902196855,0.09655614562160841,0.06230751919440821,0.049868901980904705,-0.012329255195889899,0.17414408537052453,0.12194038839062883,-0.019911780474224015,0.08421558313694372,0.042858913774458024,0.009139376915311682,0.08790255344227518,0.07228552929033143,0.11004181707712679,0.1386959164756451,3.0
-0.11009121636763437,0.030472666884065993,0.09908786912387554,-0.011417424030694182,-0.19235684854597232,0.11374575033161538,0.08585091219536645,0.07270997123061529,-0.11083723385644446,0.11680215741333821,0.02413357196361506,0.03297236964391734,0.08464964644448007,-0.06696340282950529,0.005167451704727378,1.0
-0.0775864158159482,-0.051969147425090116,0.1577330338937499,-0.04901128614692967,-0.08586709502627815,-0.00399275269715545,-0.07573895602598774,0.3394483493932315,0.03355781662395172,0.16251669751185183,0.0579346447349878,0.02101485547317201,0.140806153217794,-0.054633060275622466,0.0649615980670296,0.0
-0.145452739106058,0.002807701887143447,0.09681899289876135,0.01624297755258163,-0.10290638783338776,0.0558500968882165,0.00555161013209591,0.1539634655155031,0.07422077518673667,-0.04196060462032631,-0.08890291503238332,0.09418088704092091,0.05150392132723026,0.1807591044938416,0.0983100360587301,0.0
-0.07571626961156151,0.12486112077692048,0.009214836215722007,0.005713010576667078,-0.10244814063462519,0.18172646513086352,0.24904743836911455,0.014502410738584473,0.010013172697587933,0.028581274826627347,0.13240305154022328,0.006833024993149433,0.04319538104800087,-0.05391383924410678,0.06893811666736821,3.0
-0.09677784502394539,0.019708576872343123,0.11187707089127841,-0.016991338360806307,-0.18882782192638448,-0.016311580849774174,-0.15567269790635396,0.25462603046054333,-0.12512696096005974,-0.08881345755755314,0.05341733084714158,0.04559998285088939,0.08539124227235659,-0.08189930691447703,0.008066423250710624,1.0
-0.10796491731811127,0.03470207660616311,0.1327026065711659,-0.037992056708466,-0.18316691556629192,0.0009297527341935106,0.003803132015181558,0.3567333576854155,0.07056748494939187,0.0347338285024565,0.14913577272831982,0.051425621533729884,0.04234419354001254,-0.12428555502687849,0.0057374946174781755,2.0
-0.11940678213733043,0.07203364490900127,0.09228827984006972,-0.040070053725704595,-0.17004559307388326,-0.012948864655269749,-0.09282945539762041,0.32163591062853625,-0.09560412752920935,-0.00084759516366707,0.0897691275025721,0.044923722057141076,0.14070578688793664,-0.06903864801329358,-0.04194389817882113,2.0
-0.10418078759715939,0.032502905295748466,0.08948285924912779,-0.012091598601472145,-0.1839816634778021,-0.000994019334482637,-0.1397215203605268,0.27639154254693415,-0.15766351365459394,-0.11421092036548429,0.05820422654498879,0.02089887131626943,0.10199165689181505,-0.09001188663042048,0.022022625287038057,2.0
-0.09063129123140276,0.02492080946826266,0.12880638676993256,-0.03180911939601687,-0.17836424505920725,-0.03697818479250428,-0.26219991750215543,0.21811386568668453,-0.15315730828518354,-0.13400810130632934,0.08944585497474768,-0.004268517653647324,0.08797900802416984,-0.13319390793347283,-0.02569440789748863,0.0
-0.10670124254901028,-0.02083516062968571,0.09568619005437537,0.0014179776665125764,-0.02839200633318449,-0.03372131458897308,-0.13094782479333347,0.28182913961337186,-0.031850645159185405,-0.13257734304864735,0.12043677554047601,5.027909034181655e-05,0.0836839908388216,-0.1464806125842378,-0.002028616306971526,1.0
-0.08456183231220135,0.12608542550973703,0.017769357802749023,0.0037556010398574788,-0.10533238293383052,0.093407890946086,0.20006621172794428,0.238654446287472,0.04946581289600975,0.19825995457468953,-0.02351702478000261,0.1054292558834672,0.1555834463965741,0.2592735404000403,-0.03806521231966779,3.0
-0.09688069317990673,0.0699676270811217,0.12381331722450216,-0.07146513625726977,-0.16004323177729385,-0.02283607858998246,-0.3378494952897111,0.15692387342931247,-0.13477509746512265,-0.19743112616698208,0.0002498477598257352,-0.014937724358260015,-0.040986696616230764,0.061495678547851304,0.11752894782400168,3.0
0.045135233995286676,-0.03830919998444253,-0.14378544315505976,0.030960863865902112,0.032986564633024,0.1758364227160136,-0.005092446960648789,-0.06014532021659217,0.07387064374488746,0.03855667291440342,-0.09337511803342853,-0.08252529388966888,-0.02317795052119987,-0.023789510249945335,-0.07155188332246358,1.0
0.14309184991965107,0.032769963960430686,-0.04885959916624098,0.05363002303431584,0.09136036268392322,0.15395798327653706,0.0028461070299676235,0.04933231055373544,-0.10650905186209751,-0.026369001180851816,-0.0860440928374704,-0.08603553507982434,0.0369082836641343,-0.012533703923761566,-0.04909451287009818,0.0
0.0906502051820467,-0.009305403621724254,-0.0787191361546221,0.03479459680040605,0.02514596106028736,0.1070367328308788,-0.04458988895452567,0.007517880914509077,-0.017522967689311702,-0.0973232651144774,-0.10932862248038083,-0.10276632421073467,0.04421507762782241,0.021620843467223223,-0.018289507868998307,0.0
0.15652126391817314,-0.032525353425372806,-0.07900858949619441,-0.031131704635633403,0.013730467991025253,0.06783026977052446,-0.0061704822028375555,0.08281794961724417,0.010760690141809477,0.06224213286033516,-0.09676572109974463,-0.132508892970247,-0.03972598515559476,-0.02627736768827791,-0.05460995356822373,3.0
0.028886771337358907,-0.047220451589657625,-0.14205034289869725,0.06737962656050711,0.043471184837865044,0.06213255557345959,0.09122918954036958,0.1781861018563924,-0.036455237389020734,-0.16476809450910238,-0.08055947263141373,-0.05377704922663612,0.026868631670812094,-0.016226142598431963,-0.056870474120110495,1.0
0.11711405352045134,-0.024536517339586054,-0.14600698215643573,0.03943082400268109,0.0016448812499005796,0.18439475968398053,0.007352075867837619,-0.08491837794930089,-0.13360306584109352,-0.1180993906521658,-0.09207922669915154,-0.07217294825982777,0.010095273119364251,-0.008091434746920265,-0.06762887906556851,2.0
0.0842513891646995,-0.031214875313768764,-0.151546654881378,0.03796460952208228,0.033302929557163276,0.15448032157659522,-0.0886996476005649,-0.14955153741294874,-0.14002289865018727,0.05341705044957954,-0.07252766602159613,-0.07266337111398649,0.026985826073405134,-0.03209213426061571,-0.06179673379528647,2.0
0.12731292596872137,-0.007613442936399042,-0.10893960293030987,0.02377331206335744,0.07639442653647635,0.033104336743390674,-0.15973509129604194,0.205341830982404,-0.1124021402157377,0.10118246294051111,-0.10746590271250032,-0.07360115492015487,-0.009710854816078444,-0.005414275808931816,-0.038649007499716996,2.0
0.14096406148674434,-0.021926868846823426,-0.11111734570220734,0.005406296416678084,0.018064633442847224,0.07170013040964242,-0.04512412707423172,0.12590876614800603,-0.05805077273489618,-0.3334605046103518,-0.09636190289266637,-0.11485306680667032,-0.050884530594016215,-0.012581862136615371,-0.07831409497870691,0.0
0.07520212796444575,-0.04857847652750577,-0.1538696160011907,0.08249722921662543,0.03552425375103731,0.07470051067063029,-0.16342950822903374,-0.0191877278428493,0.13977709910066755,-0.1884447593062403,-0.10836635374685694,-0.06799744701485583,-0.01438527205657052,0.017814309814482537,-0.07996383786595965,1.0
0.10389480592550832,-0.058096641745986735,-0.12033635772923014,0.0006669999448811838,0.06695009619509469,0.03771502614319542,0.010634900027364851,0.23822842717232634,-0.06580315885612487,-0.14015622318626314,-0.12385452845075115,-0.13076080879695265,-0.030805108867970808,0.07317669246134227,0.048085929577473346,3.0
0.08040374680242672,0.006240364621472334,-0.14287459260700047,0.056299327468655035,0.001629199331693771,0.05257920240928839,-0.012788363823385352,0.2528339164813349,-0.11239645900018704,-0.018211373123427882,-0.12434146230218157,-0.12311989291667891,0.03415392574734944,0.05003445139108676,-0.00523293383835616,3.0
0.056530735621281684,-0.06743704292150797,-0.10295430917002545,0.0403961089159076,-0.010970717262397942,0.13820362363012112,-0.13090154285693067,-0.14699400061930482,0.12279992225753657,-0.1128332464621048,0.06720408077474371,-0.015327847693841453,0.07630977037738247,-0.13138778997588568,-0.03487141832162339,1.0
-0.010528403805793446,-0.046105521400287605,-0.061284337526517546,0.03661735722474614,0.038059807051012834,0.062462820283470354,-0.11178933396330802,0.10416291204477862,0.15061229554053682,0.08307256227426628,0.07513044161545337,0.021470890776289886,0.04866392144038059,-0.12929346298585315,0.08229835941944323,0.0
0.039679041268552845,-0.06255137046010673,-0.11059455740352617,0.018745453520761086,0.014892863042306834,0.08542419410869617,-0.07676402493937544,0.034784071133145224,0.2936008068087044,-0.012197011127221265,0.048758426899843985,0.01493287112483219,0.12370307390437767,-0.06722335965421077,0.05737720816178603,0.0
0.04406388993634722,0.08806383610598024,0.01514583752837479,0.07973158523130684,0.11385338128098975,-0.005400468057382878,-0.24742428012135564,0.23021126598017638,-0.12842672378394518,-0.11805589067777666,0.03432809915777061,-0.0632996357282815,-0.029277469015145153,0.022794116014041795,0.031839299940956446,3.0
0.03555213665861226,-0.045703781984354236,-0.0816580195426172,0.0024921705278584698,0.014769856191844176,0.18967589081128156,-0.0919059770684026,-0.22105342141013368,-0.13192688590799936,-0.004098195954582397,0.07843150082758543,-0.00021725478810853381,0.10692522526198331,-0.11241033036197436,-0.030563938846739403,1.0
0.07255240785545311,0.08077942171957853,-0.003833110643459196,-0.009420918344297806,0.08215351955688435,0.14493851366284682,0.22172636664572976,0.04351443768138603,0.23449447134905274,-0.07358823201656241,0.02197115669916027,0.02519728216752064,0.05373855031689002,-0.09109050601807737,0.028232663716609534,2.0
0.11476708842624925,0.005217958531972479,-0.09027375697756564,-0.027234630480584887,-0.019357837823395424,0.08008765754569319,-0.12105977806032377,-0.04241109759945204,0.13601000973534916,-0.07107670609275059,0.04334065068432703,0.0211121679286905,0.05873918233569824,-0.10796901938644361,0.03015603522135172,2.0
0.009810895118307598,0.05263215220840906,-0.02060204522621143,-0.006345814107007662,0.1123008845059344,0.19077333653047526,-0.016991331738588453,-0.07869089730985813,-0.07766255274247146,-0.06125347243473827,-0.014170480159098381,0.0680850395898362,-0.01165660307023661,-0.07126734109823941,0.06440212777007247,2.0
0.05021437046292236,-0.03957352595173956,-0.1090775973287285,0.025415775717285125,0.013273064097452845,0.14787360234528474,0.16312236820097997,0.009230099642293866,0.1926339665475518,-0.08650117328219707,0.09211693121719187,-0.007055612733899262,-0.10898497216144362,-0.08334448857853043,0.026515506005750387,0.0
-0.0005167466735146332,0.08727219324591338,0.029169092478322705,0.012545334149493341,0.08511435793747826,0.08436259222540732,-0.16284323563652353,-0.02515726956862451,0.255078458844515,0.10990830017336055,0.1459713062370089,-0.044325037324805576,0.0020072712598787706,-0.14009500816833065,-0.05735622541916686,1.0
0.07832286508964574,-0.05591998138958126,-0.12693761772283427,0.04170679671132641,0.009061346706036536,0.03549033262969032,-0.3524351295135396,0.02891556281714699,0.03120468023713941,-0.13442575640596197,0.05919192411225526,-0.05326458265078098,0.06361598173950304,0.029023382055853995,0.1336396764617304,3.0
0.04303534056147255,-0.039945042443389485,-0.14733687601552534,0.06877309139422141,0.006926620926562295,0.19030785714229073,0.024686686460912287,-0.12338525763112654,0.01940016098252711,-0.08582386177290112,0.044659806069232914,-0.029907769953534117,0.04042328545226702,0.04890478024387402,0.12462830337693108,3.0
0.0320287561439282,-0.09754350525758675,0.06591724026765032,0.049635366113761924,0.13880339108280693,0.08402526480899715,-0.05573268769143234,0.027272288405067006,0.2543580904008774,-0.05711449779506013,-0.07523399390901397,-0.07834618232468851,-0.08539562103305612,0.01904670047777486,-0.11644513451282035,1.0
0.01776531709403364,-0.13367081894254484,-0.10004163073984979,0.09918650294155501,0.04537135255938303,0.06735088835009008,-0.25974639126137483,-0.01499104091460798,0.1245331597060442,0.002586124642069988,-0.13159625172871867,-0.09712127064509012,-0.010517987060117823,0.0800345307887253,-0.034475726355368615,0.0
0.02971385743381342,-0.15351760708961804,-0.005171925669070051,0.02237391451690978,0.05440188063480886,0.058263618060844714,-0.29139219926598886,-0.007532057182982838,0.18715092690769328,0.10393567298758213,-0.08935193019166372,-0.05677697879919353,-0.06799460874198084,0.10044479292035971,0.0827245067684465,0.0
-0.006116394233617834,0.0065814437348726985,0.11908415890360728,0.06073349369648822,0.07049441744029065,0.018507610089733523,-0.10649984191535179,0.13060519258456696,0.21090143917791287,-0.021883711577244228,0.1395105603982964,-0.037135313573815845,0.026814467072340295,-0.08593040957243205,0.00995491531488311,3.0
0.04251922723270286,-0.020964789039273322,0.09613175473819302,0.12952892871371977,0.12470715449349094,0.08445503781835123,-0.003996641220050546,0.045066074934870984,0.20714823713941052,-0.24835815679867868,-0.0866881348884983,-0.06712686265050039,-0.08529763887356594,0.03008648842798251,-0.11729916569515499,1.0
0.11409627674191884,-0.13101206203091967,-0.04137123872975292,0.02633731548010935,-0.035776159351832516,0.1763013329566503,-0.2555040612950503,-0.1501123340497168,-0.13635313452855632,0.017293698833600178,-0.08868947281857656,-0.04679332332940301,-0.16743983359676387,-0.01775181612975905,-0.10174030959414812,2.0
0.11775619775348506,-0.12364655077030445,-0.012542929934405967,0.006880579626731534,-0.00899263987084826,0.08844801456080649,-0.23379336395535869,-0.047901362015080745,0.24853223480880968,0.0018553099905026244,-0.040144069437752,-0.05813810890320328,0.02439031774730471,-0.06084591643308207,-0.09367044511213991,2.0
0.09372297171941184,-0.12700939049439922,-0.0019972625285027937,-0.006248893212871283,-0.028006191834233658,0.10280306558049054,-0.1821118146696055,0.04542589371834044,0.11632079874859355,0.21439021530900934,-0.07400426569032903,-0.06172610675026987,0.04768113527100799,-0.018590223935525344,-0.046177835760979766,2.0
0.05761888539182208,-0.15796854644652528,0.005399196199447157,0.03625201632705745,0.07844543776853798,0.0937051594902534,-0.07741338620080367,-0.0020559256245778245,0.209055280456579,-0.23443257668219053,-0.030154911443986035,-0.12963479803350178,-0.05997620430126486,-0.023284363309288108,-0.09888719964830416,0.0
0.0667265419773643,-0.12915659854651015,0.023881012822634697,0.03418288276067956,0.037329964942069506,0.05719858764765179,-0.2773285541130595,-0.028119347280343595,0.19778813732636602,-0.11160498445350027,-0.10238582751603566,-0.04704639851795608,-0.08870018675879901,0.061205577247037256,-0.10575415368653164,1.0
-0.012391315584117223,0.0017040555339350146,0.09230725937053631,0.10612691865190935,0.09972088150528544,0.04556766671658222,-0.0058461854038880925,0.11714810125454492,0.32918542987175864,0.06745739403346981,-0.028604333983431336,-0.08336839155706402,0.14154140395190698,0.16972722866670456,0.028838593600584876,3.0
0.009343087408386297,-0.08372003173130328,0.023222761164461866,0.11532671857014763,0.1530523696147003,0.12160212477455651,-0.10534733811543043,-0.0679333634012079,0.1712633281375136,-0.0692398204276397,-0.08952723109060202,-0.04068104659690611,-0.071750734436998,0.10178725636039956,0.11176651140297601,3.0
-0.030884656116948458,-0.05240022087245973,0.1447899038576726,-0.037814623026833194,-0.12260853599588264,0.0487589224008655,-0.07161235318935891,0.13243346197124783,0.23932421722345015,-0.09708492455848249,-0.09060997224846137,-0.04892425643173923,0.017632913406631912,-0.0030831709816761432,-0.06071799332836267,1.0
-0.08046771409516969,-0.0329661962896497,0.12825207301043093,-0.028511662673665686,-0.12778300363149098,0.19705124802352578,0.08789861952796676,-0.09722113273174733,0.1430942020736698,0.05246499141819819,-0.07848067650914442,-0.07127332167319175,0.04620545776501513,-0.018180738211161028,-0.03858512020512511,0.0
-0.03705803467511823,-0.09666660936406718,0.13341900955275562,-0.025679644321462042,-0.07398186148346697,0.06115226449385018,-0.10602360261097113,0.07018380424967392,0.13105214175173607,-0.23240070594799817,-0.11461853897646632,-0.06899137924166122,-0.006570412526120535,-0.0028963023469922556,0.0035853848536368514,0.0
-0.06237540023302414,0.0014330400592623557,0.08171215710372495,-0.01612084563592358,-0.19281104448657566,-0.0490672196945249,0.020072095510388736,-0.018736817376302055,-0.014185716655220136,0.00824414978540697,-0.09761848226373346,-0.11949242799854579,0.004465907659271122,0.0014411059863058075,-0.06669375773732172,3.0
-0.045475085711853706,-0.0895728121496598,0.1444782051669046,-0.02158620847569289,-0.06874271684870445,-0.0490672196945249,0.020072095510388736,-0.018736817376302055,-0.014185716655220136,0.00824414978540697,-0.11776100349393906,-0.03578176112089922,-0.03738858570825887,0.03973903470003206,-0.09323530592049024,1.0
-0.034936342538781875,-0.027964857076546227,0.09799814174389358,-0.010682089360178301,-0.17989327851012907,-0.0490672196945249,0.020072095510388736,-0.018736817376302055,-0.014185716655220136,0.00824414978540697,-0.04321952753164952,-0.047990421709991654,0.023864132513465794,-0.06816782715323277,-0.0544505663047326,2.0
-0.02539563313667626,-0.09073171626544277,0.14154238907602712,-0.023211618910114334,-0.06515342636251076,-0.0490672196945249,0.020072095510388736,-0.018736817376302055,-0.014185716655220136,0.00824414978540697,-0.08765105884401467,-0.08572736797083573,-0.010837077156486944,-0.03058684347104342,-0.06625701897956889,2.0
-0.0013621941843316462,-0.043880134556172165,0.09290563326434163,-0.020346319106358993,-0.16516963419139127,-0.0490672196945249,0.020072095510388736,-0.018736817376302055,-0.014185716655220136,0.00824414978540697,-0.11431184170792039,-0.04678721493813405,-0.014020749211992466,0.012377429896468936,-0.041380616063834155,2.0
-0.04034294670864056,-0.08990634461213207,0.13872927957362344,-0.025852300722346636,-0.07469842078381635,-0.0490672196945249,0.020072095510388736,-0.018736817376302055,-0.014185716655220136,0.00824414978540697,-0.0775767159273278,-0.09539328970842623,0.01319274097598761,-0.02949492636501415,-0.07663311745173979,0.0
-0.08260150533531031,-0.08286160170672259,0.13405406423359081,-0.0015323417687725424,-0.06575995633071008,-0.0490672196945249,0.020072095510388736,-0.018736817376302055,-0.014185716655220136,0.00824414978540697,-0.11350809300106014,-0.05885551757155963,-0.027302391918952885,0.02954452856813204,-0.08760223636876201,1.0
-0.036556042280331574,-0.021018024978375648,0.11706278553044464,-0.024936444308638,-0.1528526272520723,-0.0490672196945249,0.020072095510388736,-0.018736817376302055,-0.014185716655220136,0.00824414978540697,-0.1317574750536804,-0.11342234596176906,-0.008319238356153415,0.02959951509412747,0.011084486739590197,3.0
-0.06928954237532499,-0.0102274155952293,0.1029174278200445,-0.01301384589314056,-0.06765344556028384,-0.0490672196945249,0.020072095510388736,-0.018736817376302055,-0.014185716655220136,0.00824414978540697,-0.1225178112796858,-0.10935241140405538,0.004982783215141965,0.011544290548147738,0.01411890488551263,3.0
0.13201584814196596,0.113919999256642,0.03618990830062267,0.04004498859677672,-0.08380605172717563,-0.0490672196945249,0.020072095510388736,-0.018736817376302055,-0.014185716655220136,0.00824414978540697,0.16650054621408206,0.013308408607690215,0.07415011279268167,-0.10587453388655414,-0.03309882395969381,1.0
0.06277746587541999,0.16230660101118854,0.10535058510883946,0.04717720639808367,0.04379259440564001,-0.0490672196945249,0.020072095510388736,-0.018736817376302055,-0.014185716655220136,0.00824414978540697,-0.03960120419278452,0.12920767126886482,0.036011235359855925,0.0359278897859806,-0.011368839655440877,0.0
0.06129196554135047,0.14413011113611335,0.1029822029945709,0.09222204173755971,0.03403184656452425,-0.0490672196945249,0.020072095510388736,-0.018736817376302055,-0.014185716655220136,0.00824414978540697,-0.044756780509820356,0.1541751517493328,0.0583431362667479,0.11413014141790391,0.06652211309896772,0.0
0.10001014721959077,0.02756200595949868,-0.03114589245685723,0.0018746887774069257,-0.06921913477151512,-0.0490672196945249,0.020072095510388736,-0.018736817376302055,-0.014185716655220136,0.00824414978540697,0.03949310740240303,0.00796770580902576,-0.03899373964954769,0.04892976599297188,0.03640772019057285,3.0
0.12905301188505963,0.14258471455196367,0.05489318470484278,0.05389857207221519,-0.036752126826273886,-0.0490672196945249,0.020072095510388736,-0.018736817376302055,-0.014185716655220136,0.00824414978540697,0.0968288515119135,0.01676553542354105,0.08924258741003704,-0.12323535697990164,0.02001380154319227,1.0
0.08678073636688001,0.1835793706500643,0.07017045977004999,0.04575422771835022,-0.0520963722241084,-0.0490672196945249,0.020072095510388736,-0.018736817376302055,-0.014185716655220136,0.00824414978540697,0.11295919565953054,0.1244804393423531,0.028642291878448904,-0.08471111027362711,-0.04348774348810958,2.0
0.06887960107868706,0.17064979914167466,0.077402848198046,0.05378037833303622,0.025248377062864123,-0.0490672196945249,0.020072095510388736,-0.018736817376302055,-0.014185716655220136,0.00824414978540697,0.002442167032033345,0.08225543190125027,0.06500858591064029,-0.026560918439042378,-0.00160159554905455,2.0
0.14423267235845147,0.13793330389623368,0.04937538358695424,0.04710778557662763,-0.05264369588812645,-0.0490672196945249,0.020072095510388736,-0.018736817376302055,-0.014185716655220136,0.00824414978540697,-0.02433405486815104,0.17047793356813584,0.025886640145682906,0.04874208776058746,-0.01019555354985246,2.0
0.12903655775140332,0.14617232312657846,0.07423104864649095,0.057837853528685285,-0.01641671213047939,-0.0490672196945249,0.020072095510388736,-0.018736817376302055,-0.014185716655220136,0.00824414978540697,0.13774777925343454,-0.016665224554068964,-0.00544910254200958,-0.09043468002976182,0.005950413025306943,0.0
0.11986968104351874,0.038856066827673987,-0.05755678026668166,0.02115660859832624,-0.08306270923999368,-0.0490672196945249,0.020072095510388736,-0.018736817376302055,-0.014185716655220136,0.00824414978540697,0.12751992432607692,0.03564733117873026,-0.1027923962457525,-0.13806941592104977,0.04332519678813143,1.0
0.005906369600020056,0.1270658344545098,0.05908840546614034,0.07125912938113206,0.08859823585735976,-0.0490672196945249,0.020072095510388736,-0.018736817376302055,-0.014185716655220136,0.00824414978540697,0.10053245483802081,0.01031567106090229,0.1398150532221387,-0.06595722815465672,0.10631616820047265,3.0
0.12177230731285377,0.15557157061774615,0.08430686421483571,0.04852139148854823,-0.07442979896702095,-0.0490672196945249,0.020072095510388736,-0.018736817376302055,-0.014185716655220136,0.00824414978540697,-0.0479278651743199,0.17611260492196545,0.030957914451863886,0.14456971253182033,0.06963516363192354,3.0
-0.05361094172434445,0.13106790393345452,0.06613807748252325,0.13490688387506475,0.003928419791533886,-0.0490672196945249,0.020072095510388736,-0.018736817376302055,-0.014185716655220136,0.00824414978540697,0.06438414810785353,0.08550400427613135,-0.08097289593444645,0.02732968146740723,-0.011079472436800207,1.0
-0.012981307710592725,0.07644253603472438,-0.0004299297694380847,0.1642281319176273,0.06304120798117387,-0.0490672196945249,0.020072095510388736,-0.018736817376302055,-0.014185716655220136,0.00824414978540697,0.03697756109752829,0.1624542937643246,0.05654038257683962,0.019716822429519953,0.040673440988939186,0.0
-0.014488681127966847,0.11176422532348607,0.06294182596278657,0.14324688116153847,0.02315647488461799,-0.0490672196945249,0.020072095510388736,-0.018736817376302055,-0.014185716655220136,0.00824414978540697,-0.004106844376126652,0.0866698535683785,-0.08532632073865462,0.054580142876014946,0.15765015327062049,0.0
0.10225110311427438,0.07948086610326627,0.03852913440020641,-0.004414501044904474,-0.04653036030954884,-0.0490672196945249,0.020072095510388736,-0.018736817376302055,-0.014185716655220136,0.00824414978540697,0.05304720161961831,0.012187420818658774,-0.06696256866104094,0.00871014245148537,0.0723979952308608,3.0
-0.04709134642458156,0.11148286404022476,0.062261754819810215,0.13862313098222445,-0.02109981173247953,-0.0490672196945249,0.020072095510388736,-0.018736817376302055,-0.014185716655220136,0.00824414978540697,0.05404625337942434,0.20384402827546283,-0.1238678006644184,0.017115806192188054,0.02329754278242972,1.0
0.03659923607161375,0.15222330326749878,0.10250546740171484,0.12679570140607083,0.033354249567490064,-0.0490672196945249,0.020072095510388736,-0.018736817376302055,-0.014185716655220136,0.00824414978540697,0.062062800230566026,0.0824688402531486,-0.08270975698596035,0.028647860983488017,-0.015742582643046017,2.0
0.037163560392807514,0.13937809461594328,0.10010008133608476,0.13800791999067988,0.04478755894146711,-0.0490672196945249,0.020072095510388736,-0.018736817376302055,-0.014185716655220136,0.00824414978540697,0.07830121801631228,0.15700785833521697,-0.06843233854035637,0.03157013898189613,-0.014159603665154364,2.0
-0.019498916074966,0.10675927616628397,0.014353847000804255,0.1536376935665912,0.030404244738282266,-0.0490672196945249,0.020072095510388736,-0.018736817376302055,-0.014185716655220136,0.00824414978540697,0.04550022320699352,0.16044219164026044,-0.04802010250259322,0.08077111021597339,0.029353248723571618,2.0
0.034225900494267734,0.10613493949285095,0.040513506114301816,0.16616885617004903,0.03212005392495974,-0.0490672196945249,0.020072095510388736,-0.018736817376302055,-0.014185716655220136,0.00824414978540697,0.09293876424772554,0.03314493317971854,-0.042714086854473234,-0.011562433743163437,0.012899538892224425,0.0
-0.03997765119869076,0.09320614348210332,0.04149943133402038,0.16601784234527064,0.022030125293695864,-0.0490672196945249,0.020072095510388736,-0.018736817376302055,-0.014185716655220136,0.00824414978540697,0.01193399561078775,0.21912192526929808,-0.07190820406483153,0.010511299701586988,0.04261969917072595,1.0
-0.013010617545481072,0.10561780467437985,0.08976785731989634,0.16146914447412697,0.03847403669292337,-0.0490672196945249,0.020072095510388736,-0.018736817376302055,-0.014185716655220136,0.00824414978540697,0.08960415122796625,0.022158648694134468,0.05288831659815491,0.01043231284573972,0.11981064127136407,3.0
-0.039726833218768395,0.08244529071307258,0.03745448340974142,0.14412735239227742,0.07188428736933825,-0.0490672196945249,0.020072095510388736,-0.018736817376302055,-0.014185716655220136,0.00824414978540697,0.006786734737365475,0.07865920491382057,-0.07443525911984904,0.048521502887179276,0.155505761881237,3.0
-0.002497151057192132,-0.14578916684208085,0.05223071052029564,0.01870962857750594,-0.08461377564655859,-0.0490672196945249,0.020072095510388736,-0.018736817376302055,-0.014185716655220136,0.00824414978540697,0.03962156983478642,-0.05042222089090991,-0.08533501441614028,-0.021695580006852386,-0.06316777533084626,1.0
-0.04515940765055184,-0.06315132860902817,-0.08442862297387507,0.10331359887623304,-0.0876568245551441,-0.0490672196945249,0.020072095510388736,-0.018736817376302055,-0.014185716655220136,0.00824414978540697,-0.0004843767088862951,-0.029816007188025278,-0.024323901779468294,0.08000314256903444,0.05046830465787958,0.0
0.003101203673969897,-0.10794751900115059,0.1232293316878881,0.03421332877953291,-0.06979611221204136,-0.0490672196945249,0.020072095510388736,-0.018736817376302055,-0.014185716655220136,0.00824414978540697,-0.05143660679763481,-0.07166513380809562,-0.04059422519851898,0.032752067230824605,0.22170281587178398,0.0
-0.03245321622338368,0.008788615427979126,-0.024483817725630772,-0.03691334859381055,-0.11220816429679384,-0.0490672196945249,0.020072095510388736,-0.018736817376302055,-0.014185716655220136,0.00824414978540697,0.019005648960614963,-0.033160733284788114,-0.04923809539750096,0.04510595239718767,0.024263557063676503,3.0
-0.0449007650309857,-0.05642244350749952,-0.03155324935493528,0.06357788650984418,-0.15337484104003216,-0.0490672196945249,0.020072095510388736,-0.018736817376302055,-0.014185716655220136,0.00824414978540697,0.08094472382449673,-0.08210849673678314,-0.0014326137237598065,-0.15837772498033548,-0.12786341898823347,1.0
0.026625376727688287,-0.07080728411562769,-0.027150102374326072,0.03863487534201104,-0.14752607531856632,-0.0490672196945249,0.020072095510388736,-0.018736817376302055,-0.014185716655220136,0.00824414978540697,0.031783952345803924,0.007589794077540017,-0.10154693119991556,0.014597016098392616,-0.0644962149253897,2.0
-0.03888315529399748,-0.13296924872348018,0.05450764655684789,-0.05644178784490354,-0.04492687683242182,-0.0490672196945249,0.020072095510388736,-0.018736817376302055,-0.014185716655220136,0.00824414978540697,0.13107914949846977,-0.017363911849453687,-0.07663705962804669,-0.14233517500315146,0.0012212419745945618,2.0
-0.06504650124115753,-0.03437887860725032,0.07364327524825844,-0.019534443872036716,0.030112285941918893,-0.0490672196945249,0.020072095510388736,-0.018736817376302055,-0.014185716655220136,0.00824414978540697,0.03463704266989989,-0.013421257515052385,-0.04565507875839054,0.041216487329594764,0.021908845056235818,2.0
-0.052506550733561766,-0.1201606423188401,-0.049685655434885685,0.07900918748422364,-0.08214829284436939,-0.0490672196945249,0.020072095510388736,-0.018736817376302055,-0.014185716655220136,0.00824414978540697,0.040846022460502576,-0.044475079416178016,-0.06824945726553053,0.000254246203317879,-0.019162745303284063,0.0
-0.02298934494460668,-0.07822337484740709,-0.06284177621115009,0.07146427502966192,-0.12965071926671776,-0.0490672196945249,0.020072095510388736,-0.018736817376302055,-0.014185716655220136,0.00824414978540697,0.030368189519495836,-0.06290547602029857,-0.07888804015856772,-0.01539157212109077,-0.06473201946826948,1.0
8.582107053431894e-05,0.07290627632555878,-0.03774276159859651,-0.030473428818086068,-0.10549043628239949,-0.0490672196945249,0.020072095510388736,-0.018736817376302055,-0.014185716655220136,0.00824414978540697,0.0015781507990838368,-0.036291971251754325,-0.0372259779493231,0.04829466240043415,0.130558753959836,3.0
-0.019029895009049048,-0.12457304424712498,-0.005334005796638595,0.04315014942068313,-0.12298853378210846,-0.0490672196945249,0.020072095510388736,-0.018736817376302055,-0.014185716655220136,0.00824414978540697,-0.010119334622480805,-0.030772305071089946,-0.03918696253269964,0.05160129588168575,0.1571206384013482,3.0
-0.04180853119430276,0.118412118605298,0.09831960848832232,-0.0863370281747452,-0.14594551306477646,-0.0490672196945249,0.020072095510388736,-0.018736817376302055,-0.014185716655220136,0.00824414978540697,-0.054885339603014054,0.059853034256931094,-0.13739124528190677,0.048293387107147555,-0.17392104035631703,1.0
-0.07787225726526,0.0817436206865939,0.06963829633932984,0.03148499913778205,-0.18292465265218266,-0.0490672196945249,0.020072095510388736,-0.018736817376302055,-0.014185716655220136,0.00824414978540697,-0.0582624485380781,-0.14022666852847826,0.11234844972922677,-0.030932220934304786,0.0025625257092511847,0.0
-0.12476083648048394,0.00010314160382989556,0.01877583868100231,0.0752144533083471,-0.02394863030091406,-0.0490672196945249,0.020072095510388736,-0.018736817376302055,-0.014185716655220136,0.00824414978540697,0.04369063820025641,-0.06176475265509125,0.04611251449527233,-0.08886170704941072,0.23116917818390292,0.0
-0.0017160853445032348,0.07232166397381784,0.18200647436682113,-0.04811380545449579,-0.14638587532865288,-0.0490672196945249,0.020072095510388736,-0.018736817376302055,-0.014185716655220136,0.00824414978540697,0.06813758108173833,-0.10811356655475224,-0.058717832004273066,-0.07888807574259243,0.08415254697095995,3.0
-0.022161584071525405,0.1512379764293317,0.12630404129248052,-0.07231209694981697,-0.12139283558795133,-0.0490672196945249,0.020072095510388736,-0.018736817376302055,-0.014185716655220136,0.00824414978540697,-0.012882721807592193,0.03797461092874183,-0.13343756928668615,0.019772866602183733,-0.16423158772269866,1.0
-0.08715376960248655,-0.00453810004050008,0.10969858859332556,0.003533281215787753,-0.19011786830493635,-0.0490672196945249,0.020072095510388736,-0.018736817376302055,-0.014185716655220136,0.00824414978540697,-0.05549169231789066,0.0062691068540199355,0.040299224000587365,-0.019483591681636665,-0.05063248599995072,2.0
-0.11228689171150077,0.034075774318552216,0.09762871553137509,0.03127495767434846,-0.10373347310698075,-0.0490672196945249,0.020072095510388736,-0.018736817376302055,-0.014185716655220136,0.00824414978540697,-0.059913866924934465,-0.02413230902190973,0.005725908202815208,-0.028919894078028245,-0.10594179367233023,2.0
-0.11343252549653414,0.04014603331924489,0.02238794996671411,0.047463130963040126,-0.16605684925401762,-0.0490672196945249,0.020072095510388736,-0.018736817376302055,-0.014185716655220136,0.00824414978540697,-0.09410144217773306,-0.0005212370124336367,0.07792102739718318,0.1919655312008901,-0.15510568087784993,2.0
-0.08241650493522047,0.03383708653669471,0.10021263704328386,0.04393331669972139,-0.1604786420921905,-0.0490672196945249,0.020072095510388736,-0.018736817376302055,-0.014185716655220136,0.00824414978540697,0.08257991393221291,-0.06127803613724413,-0.08024380346258188,-0.07854043931645774,-0.006887048379351756,0.0
-0.07168297750123757,0.06447836552060152,0.08862815628783473,-0.05466550585495604,-0.0658152985913749,-0.0490672196945249,0.020072095510388736,-0.018736817376302055,-0.014185716655220136,0.00824414978540697,-0.013974358261624992,-0.026977641092776904,0.044523037514403244,-0.07343256779418544,-0.08078290332316854,1.0
-0.057267603137075115,0.033201049120004426,0.1444865157179951,0.003542462221882412,-0.1265605806484703,-0.0490672196945249,0.020072095510388736,-0.018736817376302055,-0.014185716655220136,0.00824414978540697,0.0380299551968324,-0.03343488489644329,-0.012749775008808686,0.013811217071133593,0.15353992890975268,3.0
-0.09152130499024037,0.013059229222979212,0.07068867535226792,0.019864546660694364,-0.15708965615453344,-0.0490672196945249,0.020072095510388736,-0.018736817376302055,-0.014185716655220136,0.00824414978540697,-0.021414160736773487,-0.0384364297284386,0.05224608869757388,0.11232505142164259,0.1365768938680835,3.0
-0.035730502544795845,-0.10548705319555729,0.09266201478555407,-0.02912880524196127,-0.021594263549338803,-0.0490672196945249,0.020072095510388736,-0.018736817376302055,-0.014185716655220136,0.00824414978540697,0.008689496001900329,0.002644291203593809,0.1116597694917438,-0.04934767269841607,-0.04004084627887171,1.0
0.03796409152701613,-0.1237885581545848,0.0755728954426564,-0.03376714816303028,-0.05721560907171617,-0.0490672196945249,0.020072095510388736,-0.018736817376302055,-0.014185716655220136,0.00824414978540697,-0.046436334839142314,-0.0035298251547310495,0.06295413097952084,-0.025800751616555852,-0.020819134412019578,0.0
0.009598108434323032,-0.12537008738662825,0.09117192176810171,-0.035979679053965596,-0.03375305863603019,-0.0490672196945249,0.020072095510388736,-0.018736817376302055,-0.014185716655220136,0.00824414978540697,0.009278962829212275,-0.02023638482018341,0.04563424497255803,-0.10825718782848624,0.09118893964866809,0.0
-0.02973651916910259,-0.15742803810556869,0.06774802711162739,-0.021931479458477253,-0.010557773718570737,-0.0490672196945249,0.020072095510388736,-0.018736817376302055,-0.014185716655220136,0.00824414978540697,0.027350946093298356,-0.07527670536040226,-0.07511890969734616,-0.011258804975857217,0.0590520344825597,3.0
-0.005439161482443122,-0.13764015546343616,0.07673249740679838,-0.045080748677132194,-0.046670725350736415,-0.0490672196945249,0.020072095510388736,-0.018736817376302055,-0.014185716655220136,0.00824414978540697,-0.018610400411098498,0.011964710153650264,0.0656368089839592,-0.04814433074934759,-0.025154841760419225,1.0
0.03998671832517189,-0.10439361022811218,0.07321863416255853,-0.04310299429475198,-0.09448815986956162,-0.0490672196945249,0.020072095510388736,-0.018736817376302055,-0.014185716655220136,0.00824414978540697,-0.025371895670595012,-0.028156018676188378,0.06449100574142816,-0.06050458166766353,-0.03344368858147709,2.0
-0.00012270179242939724,-0.1235785843193007,0.07639645334592103,-0.033474576684966444,-0.05627951622443068,-0.0490672196945249,0.020072095510388736,-0.018736817376302055,-0.014185716655220136,0.00824414978540697,-0.023619223530643725,-0.012204992995060534,0.0427397439004076,-0.07269052369119992,-0.006778763331274523,2.0
0.043700776119425445,-0.11200054443953483,0.05843221773513754,-0.03395712488147801,-0.09219085656036519,-0.0490672196945249,0.020072095510388736,-0.018736817376302055,-0.014185716655220136,0.00824414978540697,-0.054685249965447345,0.00300672236742947,0.053770173489349045,-0.01701378993195678,-0.028391607578231642,2.0
0.011950113669112526,-0.125137604771847,0.07173825573235267,-0.044038230866244435,-0.08106469687330325,-0.0490672196945249,0.020072095510388736,-0.018736817376302055,-0.014185716655220136,0.00824414978540697,0.0233536018947727,-0.024516930993385543,0.14577439566528752,-0.04401275642752596,-0.1016407612275712,0.0
-0.05103764822922775,-0.13302812141741854,0.08174981703801328,-0.01984879459829338,0.009566069189581012,-0.0490672196945249,0.020072095510388736,-0.018736817376302055,-0.014185716655220136,0.00824414978540697,-0.011196238403556135,0.0213878105275523,0.0691154988538591,-0.04872737417954826,-0.021949985195640606,1.0
0.01689681434561675,-0.1549663641759815,0.05381663949262425,-0.019960248511699644,-0.052627231695301965,-0.0490672196945249,0.020072095510388736,-0.018736817376302055,-0.014185716655220136,0.00824414978540697,0.014848396865595331,-0.08814778463025282,-0.0009972413057650243,0.0014022213801350482,0.19304247611658898,3.0
0.016756256408212964,-0.15658709534140952,0.05212800323357942,-0.026263545986251875,-0.04295500636937012,-0.0490672196945249,0.020072095510388736,-0.018736817376302055,-0.014185716655220136,0.00824414978540697,0.05459335227992654,-0.04670267614257729,0.055226755013245955,0.03526381774404126,0.12923505775431873,3.0
0.03226821263092613,0.15064448586160287,0.08757946975980568,-0.0711582520334431,-0.08357470246484361,-0.0490672196945249,0.020072095510388736,-0.018736817376302055,-0.014185716655220136,0.00824414978540697,-0.07673402807341972,0.09128736256323228,-0.14624048684772525,0.09531961490981425,-0.1465463083841449,1.0
-0.010954222041694243,0.14763515289582851,0.03271059843440536,0.020093263151064727,-0.005407021152010658,-0.0490672196945249,0.020072095510388736,-0.018736817376302055,-0.014185716655220136,0.00824414978540697,-0.09262309704159584,0.11534178370923734,0.010592447203534186,0.08191098169260916,-0.032474241861971655,0.0
-0.005066126253920884,0.1277367560648504,-0.01426418825126976,-0.0032065760783172,-0.010814024313121475,-0.0490672196945249,0.020072095510388736,-0.018736817376302055,-0.014185716655220136,0.00824414978540697,-0.08859877860451415,0.08552763843642756,0.026759316135553126,0.06333318182158405,-0.021133121784513154,0.0
-0.035161526595216826,0.09453515304271101,-0.008797850957533965,-0.0333993948126713,-0.0343545500474319,-0.0490672196945249,0.020072095510388736,-0.018736817376302055,-0.014185716655220136,0.00824414978540697,0.09581598808607844,-0.04876863724273816,-0.0024807572313198987,-0.03273493693896588,0.038812353232764045,3.0
0.011907738087921933,0.12822506217869703,-0.014114189120633383,-0.016720784935937174,-0.018484509403140264,-0.0490672196945249,0.020072095510388736,-0.018736817376302055,-0.014185716655220136,0.00824414978540697,-0.06545664652300336,0.050804628087486606,0.021737431258754037,0.007335225360805967,-0.059149613119973576,1.0
-0.014298182188748511,-0.004483328033146186,-0.03332247108264428,0.03573895771358826,-0.15114071340347193,-0.0490672196945249,0.020072095510388736,-0.018736817376302055,-0.014185716655220136,0.00824414978540697,-0.09384535065534183,0.025866532622165435,-0.11850758915815263,0.07172493363928437,-0.1464987338301541,2.0
0.05530826060177942,0.09226744406561391,0.0814878656711427,-0.09638718851455072,-0.07398749876852896,-0.0490672196945249,0.020072095510388736,-0.018736817376302055,-0.014185716655220136,0.00824414978540697,-0.07272605962089412,0.027898116896254165,0.004928054612611064,0.002196208010248147,-0.08927949220185093,2.0
-0.020707141704439574,0.10740412513862704,0.0037748245570142654,-0.027112058006178903,-0.018987317451000872,-0.0490672196945249,0.020072095510388736,-0.018736817376302055,-0.014185716655220136,0.00824414978540697,-0.1039138453343012,0.08049917066301668,0.05217276697012622,0.21636053002107222,-0.15541845885813318,2.0
0.031323899980459924,0.10775286071459157,0.012879179700446811,-0.02075439455821816,-0.06939134086993115,-0.0490672196945249,0.020072095510388736,-0.018736817376302055,-0.014185716655220136,0.00824414978540697,0.024823431137966045,0.05126937470057082,-0.10087300495396842,0.04869354078345202,-0.054348557901096065,0.0
0.055303579668397135,0.15943996094815044,0.059406622182815665,-0.04561029027652737,-0.06866550653455983,-0.0490672196945249,0.020072095510388736,-0.018736817376302055,-0.014185716655220136,0.00824414978540697,-0.1056555873715333,0.11063135799106656,-0.05453534989053488,0.08061312288756022,-0.11991357082775168,1.0
-0.018988344725125932,0.11750260050015145,0.0559987522627651,-0.010684683954503114,0.00815898673313176,-0.0490672196945249,0.020072095510388736,-0.018736817376302055,-0.014185716655220136,0.00824414978540697,-0.04067274029856057,-0.08221641778840033,-0.03647806638645662,0.03735425773340558,0.19577579875561046,3.0
-0.018596446553262275,0.11574713711012836,0.0036936957054921047,-0.026591275201911225,-0.024158433109491992,-0.0490672196945249,0.020072095510388736,-0.018736817376302055,-0.014185716655220136,0.00824414978540697,-0.15546864404808106,0.013917598991268699,-0.08727912410905415,0.06050009093994989,0.10036328494459987,3.0
-0.07687664416296355,-0.040830835933437795,0.0377534931672407,0.12802555424943088,0.14664738136091762,-0.0490672196945249,0.020072095510388736,-0.018736817376302055,-0.014185716655220136,0.00824414978540697,0.014370375961471596,0.02352527594454067,0.07441204072050632,-0.0696716372165045,-0.020029476142765228,1.0
-0.08046993672689516,-0.054134358926830314,0.011100228914810524,0.1741141832580651,0.11250713087602576,-0.0490672196945249,0.020072095510388736,-0.018736817376302055,-0.014185716655220136,0.00824414978540697,0.023620931070102186,0.0985411603536241,0.009840635183088569,0.11185838470701316,0.08084808445969861,0.0
-0.10103840526856565,-0.08606868270855854,-0.05940176750774527,0.15951940946250232,0.06837716595917899,-0.0490672196945249,0.020072095510388736,-0.018736817376302055,-0.014185716655220136,0.00824414978540697,-0.01706161495038333,0.09877497017217042,0.16382646442491494,0.2549062507787507,-0.029294344606939027,0.0
-0.020472221590800678,-0.125733350131059,0.08586613793924958,0.06814737624233692,0.12081776711848526,-0.0490672196945249,0.020072095510388736,-0.018736817376302055,-0.014185716655220136,0.00824414978540697,0.024574738674939034,-0.026246018774309647,-0.07321865115321527,0.023834760510832245,0.05060852860177527,3.0
-0.09134461584787784,-0.04784559505937672,0.04427584308490676,0.13739797197316017,0.14387210223426458,-0.0490672196945249,0.020072095510388736,-0.018736817376302055,-0.014185716655220136,0.00824414978540697,0.015513941783797417,0.027037010140342193,0.06884550730220909,-0.07182777006317136,-0.030836932258664622,1.0
-0.08179327924573288,-0.03942082092712872,0.025041218674217013,0.1535463168837766,0.13357410200435343,-0.0490672196945249,0.020072095510388736,-0.018736817376302055,-0.014185716655220136,0.00824414978540697,-0.02388330111244063,0.08127912262550939,0.0004563322856695749,-0.04558828065886086,0.01198362138516455,2.0
-0.0831727074765343,-0.03307505643648332,0.04211814219886332,0.13067822675222687,0.14988038610945473,-0.0490672196945249,0.020072095510388736,-0.018736817376302055,-0.014185716655220136,0.00824414978540697,-0.020605896954800574,0.08325925134982995,0.05368496757128804,-0.009696463836517285,-0.013217994322832199,2.0
-0.0826756939779159,-0.02897590655953824,0.048128185001855485,0.13878286485314614,0.13710733952020504,-0.0490672196945249,0.020072095510388736,-0.018736817376302055,-0.014185716655220136,0.00824414978540697,-0.03481081136239891,0.12866326721089194,0.03840080763207002,0.031254123736171174,-0.015308815446194427,2.0
-0.08494273640986741,-0.12849330603244233,-0.00408086937003972,0.12590668935855423,0.11542197090383108,-0.0490672196945249,0.020072095510388736,-0.018736817376302055,-0.014185716655220136,0.00824414978540697,0.023272857517790575,0.02577678895544897,-0.09075940284436554,0.04577254689978311,-0.022827804959960084,0.0
-0.07712151290603508,-0.048217182298186015,0.02498588831263446,0.16814891854509104,0.12495349226104083,-0.0490672196945249,0.020072095510388736,-0.018736817376302055,-0.014185716655220136,0.00824414978540697,-0.008475619297264094,0.011696825233254306,0.07419108815268231,-0.05423814817693187,-0.015258335355638891,1.0
-0.08018771269966841,-0.05526029066596641,0.02444224749553834,0.12083976834940117,0.14382931300328788,-0.0490672196945249,0.020072095510388736,-0.018736817376302055,-0.014185716655220136,0.00824414978540697,0.06766999601224603,-0.02254761882400435,0.0463709585932669,0.027100075158534725,0.12008662983731455,3.0
-0.089102355280033,-0.03829116437952216,0.0303066884777178,0.162926355809414,0.10858008393689911,-0.0490672196945249,0.020072095510388736,-0.018736817376302055,-0.014185716655220136,0.00824414978540697,-0.03690383033870746,0.045360361423304844,0.0070538835307869365,0.14618636716437014,0.103407999310773,3.0
0.06060397232815725,-0.155851300839943,0.031176497917649294,0.030679307098897428,0.020922536337492678,-0.0490672196945249,0.020072095510388736,-0.018736817376302055,-0.014185716655220136,0.00824414978540697,-0.05891946933477711,-0.06989950237306206,0.027976378069905612,-0.04726695790175702,-0.07058001625836811,1.0
0.037428245106959794,-0.16289488620339107,0.03690896147681439,0.03984242030900908,0.02444189696872339,-0.0490672196945249,0.020072095510388736,-0.018736817376302055,-0.014185716655220136,0.00824414978540697,-0.12966198561833084,-0.08538887902393685,-0.012227515967143308,0.05882805388999421,-0.048503374059133485,0.0
0.05114355692962974,-0.16500428266308184,-0.005938616219517207,0.010197900540824931,0.01876286046871086,-0.0490672196945249,0.020072095510388736,-0.018736817376302055,-0.014185716655220136,0.00824414978540697,-0.13882010334269612,-0.09686548363173728,0.0028497694670980094,0.09413345474340282,-0.0027656125890454784,0.0
0.044484654133471566,-0.12358895291522867,-0.1219161320737842,0.09709084945031722,-0.02380643130703576,-0.0490672196945249,0.020072095510388736,-0.018736817376302055,-0.014185716655220136,0.00824414978540697,-0.05316806808464895,-0.1945836798988948,0.02076521507047488,-0.029311752800128422,-0.06124979846858327,3.0
0.059356783869938715,-0.15352316137284605,0.030623060907425358,0.01543092310738168,0.009491248324219125,-0.0490672196945249,0.020072095510388736,-0.018736817376302055,-0.014185716655220136,0.00824414978540697,-0.09073665470265116,-0.0945563698311546,-0.017263132440759436,-0.010627594477253541,-0.09144220111530701,1.0
0.07483034732922476,-0.14173832599864475,-0.05554265830633242,0.0617898849675613,-0.009923820609751903,-0.0490672196945249,0.020072095510388736,-0.018736817376302055,-0.014185716655220136,0.00824414978540697,-0.11204498718366407,-0.06418415199724845,-0.034618677229033334,0.027621530576038743,-0.09182755685335624,2.0
0.06202068003762674,-0.15451033699192668,0.030786605404146856,0.024868452733841504,0.02112970085293329,-0.0490672196945249,0.020072095510388736,-0.018736817376302055,-0.014185716655220136,0.00824414978540697,-0.06206384239339943,-0.09143214473333566,0.000908281334259901,-0.06603781163283064,-0.06074760982820173,2.0
0.02605384000571414,-0.034800440564203006,-0.10762729186009228,0.12834971901576342,-0.012039750433149844,-0.0490672196945249,0.020072095510388736,-0.018736817376302055,-0.014185716655220136,0.00824414978540697,-0.11439462122972792,-0.07150115912588807,0.000885215595982953,0.026608723023973876,-0.059677423658930466,2.0
0.0794309020230368,-0.13722582996053875,0.015982675463974347,0.02961578266322927,-0.0002763105143068783,-0.0490672196945249,0.020072095510388736,-0.018736817376302055,-0.014185716655220136,0.00824414978540697,-0.08035846248172107,-0.12053757366882581,-0.014991027149575387,-0.0227277156697132,-0.09189544089049308,0.0
0.08408620172387318,-0.1332357050212715,-0.07633732626757457,0.07491807072265454,-0.02648986236242382,-0.0490672196945249,0.020072095510388736,-0.018736817376302055,-0.014185716655220136,0.00824414978540697,-0.07183827996117693,-0.09827896934806103,0.012561198459867893,-0.03757280991212962,-0.0802438629148528,1.0
0.05697694220922335,-0.1722682771481005,-0.015290358132114622,0.024466700717844816,-0.011238068592361193,-0.0490672196945249,0.020072095510388736,-0.018736817376302055,-0.014185716655220136,0.00824414978540697,0.035825446443747154,-0.1184342672841908,0.22074834065493107,0.0287652725510768,0.1822036986127901,3.0
0.09071666150625218,-0.1386626945711096,-0.0845584516980037,0.0594223777139091,-0.04091575053994871,-0.0490672196945249,0.020072095510388736,-0.018736817376302055,-0.014185716655220136,0.00824414978540697,-0.14068879342456037,-0.04514374763279248,-0.03809627469532345,0.03673248450325464,0.007942594166067359,3.0
-0.15742410180423366,0.002440952304280193,0.1361885896849222,0.06698174352896388,0.009759368455668804,-0.0490672196945249,0.020072095510388736,-0.018736817376302055,-0.014185716655220136,0.00824414978540697,-0.039455919709696745,-0.016442101530800966,-0.12023194016154497,0.042212589648894794,-0.10740908419848871,1.0
-0.15085882245488497,0.03860681076818044,0.0319818269644093,0.06306508764703822,0.005965590539391804,-0.0490672196945249,0.020072095510388736,-0.018736817376302055,-0.014185716655220136,0.00824414978540697,-0.09239541592886907,-0.014344650376819252,0.04254762716757846,0.19071343263138701,-0.08451213393587298,0.0
-0.1464672147305601,-0.05227492935534059,0.04555654136872721,0.14327420682025646,0.035395480155352356,-0.0490672196945249,0.020072095510388736,-0.018736817376302055,-0.014185716655220136,0.00824414978540697,-0.03306714305474663,-0.042796155074068004,-0.008568719211677242,0.10622007715233701,0.07982267429608371,0.0
-0.11806309556692565,-0.12360829534326245,0.08176402874853189,0.05010720527465137,0.011636156493880272,-0.0490672196945249,0.020072095510388736,-0.018736817376302055,-0.014185716655220136,0.00824414978540697,-0.019330305740910055,-0.06851733245002717,-0.055962976059035774,0.05661789691508783,0.0033294140428598183,3.0
-0.07874776341319323,0.0543971177811783,-0.06373727999538654,0.007033839123010718,-0.08675613652061036,-0.0490672196945249,0.020072095510388736,-0.018736817376302055,-0.014185716655220136,0.00824414978540697,-0.07654481711934892,0.03955025880458073,-0.20963122313947113,0.03370360097324633,-0.09738396786927407,1.0
-0.1321470171339379,0.02832356864960134,-0.030504852791553266,0.04727899836541699,-0.03545347510357174,-0.0490672196945249,0.020072095510388736,-0.018736817376302055,-0.014185716655220136,0.00824414978540697,0.007869236468873976,-0.005494911522923197,-0.10501207812263069,0.031172935549494303,-0.06011571069832631,2.0
-0.1403697503439538,0.048583660625283576,0.04015981003010615,0.08762088524083357,-0.011278102126434734,-0.0490672196945249,0.020072095510388736,-0.018736817376302055,-0.014185716655220136,0.00824414978540697,-0.11982634710268601,0.09416885803890734,-0.23134215944127987,0.02970089172003832,-0.10167757033948098,2.0
-0.09542057268499866,0.04234702825253353,-0.05362690260602851,0.025041590138931615,-0.07405252010467446,-0.0490672196945249,0.020072095510388736,-0.018736817376302055,-0.014185716655220136,0.00824414978540697,-0.082313063605661,0.06764939550683953,0.10268165260581481,0.1191822224291162,-0.12189396509935535,2.0
-0.16065145537479983,-0.029461286495126065,0.06622417748109746,0.10363685856641965,0.049353780877514915,-0.0490672196945249,0.020072095510388736,-0.018736817376302055,-0.014185716655220136,0.00824414978540697,0.015593345415667498,-0.07691008466879597,-0.04178077945894084,0.01937109426905629,-0.06966884552137155,0.0
-0.13380359425327534,0.03924751464156042,0.049729969680501196,0.03099091304819453,-0.02622081505244776,-0.0490672196945249,0.020072095510388736,-0.018736817376302055,-0.014185716655220136,0.00824414978540697,-0.12967038287279864,0.013726213255722486,-0.1832592672332659,0.016919237657065784,-0.08354462554202936,1.0
-0.08482082207229846,-0.08836144054958238,0.12106114563960806,0.07848490674435474,0.07017399376776395,-0.0490672196945249,0.020072095510388736,-0.018736817376302055,-0.014185716655220136,0.00824414978540697,-0.050831923245401166,-0.06862813065744423,-0.0005631458260325642,0.10988312012756185,0.07875535535543642,3.0
-0.14963903690816524,-0.037624101751787015,0.03240227541103466,0.08510328639460908,0.09085508365522779,-0.0490672196945249,0.020072095510388736,-0.018736817376302055,-0.014185716655220136,0.00824414978540697,-0.039173267298506585,-0.04743734160928598,-0.04563544153448145,0.07799495422974118,0.11978452529284983,3.0
-0.0775328230006612,-0.026974682235728863,-0.07179356833052493,0.08828210855124045,0.05379978097228923,-0.0490672196945249,0.020072095510388736,-0.018736817376302055,-0.014185716655220136,0.00824414978540697,-0.02367901011753907,-0.12048945998095116,0.020716908402394728,-0.045331423925603936,-0.14858455600009154,1.0
-0.06043285701054235,-0.04431552483528591,-0.06705497939592084,0.0940716099876111,0.10564383142913925,-0.0490672196945249,0.020072095510388736,-0.018736817376302055,-0.014185716655220136,0.00824414978540697,-0.13589046607972816,-0.08097629389364207,0.0012359054202563825,0.08244274510103941,-0.03522840228551646,0.0
0.04864651726400057,-0.06975022402748299,-0.06490490008070611,0.010365426566570378,-0.023032859510849053,-0.0490672196945249,0.020072095510388736,-0.018736817376302055,-0.014185716655220136,0.00824414978540697,-0.10225679705576812,-0.07585608230594809,-0.06568271684951449,0.08626216675171562,0.12745850370651596,0.0
-0.08577311361734975,-0.025217948176970897,-0.04606428111856922,0.0948917556626795,0.10746371490300592,-0.0490672196945249,0.020072095510388736,-0.018736817376302055,-0.014185716655220136,0.00824414978540697,-0.014364538319372384,-0.16401961144119898,-0.08861645222121296,-0.050396536249978974,0.034333884480074316,3.0
-0.05540035173349984,0.0011337745198826577,-0.05101861672708909,0.08549010440987206,0.02812049965959984,-0.0490672196945249,0.020072095510388736,-0.018736817376302055,-0.014185716655220136,0.00824414978540697,-0.10729127025805346,-0.0495934434529367,-0.06853353867657926,0.038011066690902554,-0.11553434822671053,1.0
-0.01971540451369817,-0.034472307157359015,-0.10064272139894197,0.05288260540282095,-0.03202961116527865,-0.0490672196945249,0.020072095510388736,-0.018736817376302055,-0.014185716655220136,0.00824414978540697,-0.0423197389779303,-0.07715840008140416,0.01834890564932914,-0.06468654054803627,-0.09806795158734129,2.0
-0.04574216065430255,-0.043189976572516296,-0.08194426673057092,0.0696317100354997,0.04026684603494455,-0.0490672196945249,0.020072095510388736,-0.018736817376302055,-0.014185716655220136,0.00824414978540697,0.017658689389304004,-0.011868442872301562,0.0510992328177506,-0.10840596548457174,-0.01271160224655416,2.0
0.016466839220720352,-0.0349771699162111,-0.0516262347828412,0.05454323881023095,0.030651833748882838,-0.0490672196945249,0.020072095510388736,-0.018736817376302055,-0.014185716655220136,0.00824414978540697,0.04437906471980411,0.015659666845351392,0.0527201825500175,-0.11634340225791201,0.0111934203848201,2.0
-0.02960936533350723,-0.025957789446783845,-0.049173138201548366,0.06350063263938073,0.028779726404828936,-0.0490672196945249,0.020072095510388736,-0.018736817376302055,-0.014185716655220136,0.00824414978540697,-0.025089365720209048,-0.09808230944338112,-0.07748856326793238,0.006219584098443801,-0.07954138586185068,0.0
-0.037767547368449055,0.018261867570904748,-0.09100042721186291,0.10026319849143377,-0.029120922456333145,-0.0490672196945249,0.020072095510388736,-0.018736817376302055,-0.014185716655220136,0.00824414978540697,-0.10776695996638257,-0.0450920018280482,-0.0863671013972698,0.06392123685787453,-0.10380256132964276,1.0
-0.01645080524402819,-0.05098487384887038,-0.04126067935750463,0.07251203872085908,0.06400722336766584,-0.0490672196945249,0.020072095510388736,-0.018736817376302055,-0.014185716655220136,0.00824414978540697,0.06420707943009928,-0.10549086724445825,0.179079742033405,0.00351935078070579,0.17478181187201414,3.0
0.0244355724738815,-0.0190237186336251,0.005910218858987478,0.02073216052308441,0.059260945689870455,-0.0490672196945249,0.020072095510388736,-0.018736817376302055,-0.014185716655220136,0.00824414978540697,-0.12068719248115785,-0.06492902773515619,0.05005709510358559,0.05398886323836342,-0.0011639523739590788,3.0
-0.0882132559587457,0.11060294044987143,0.08764270772845772,0.0005082029714562845,-0.11359048977105632,-0.0490672196945249,0.020072095510388736,-0.018736817376302055,-0.014185716655220136,0.00824414978540697,-0.0775780362284525,0.07567230261013935,-0.015388239967302628,0.02602470764693662,-0.10068731080423168,1.0
-0.10661342733752757,0.009647786139979101,0.011416857522254761,0.006456500024631447,-0.05934331784711789,-0.0490672196945249,0.020072095510388736,-0.018736817376302055,-0.014185716655220136,0.00824414978540697,-0.08926137055622795,0.06178270157308094,0.0185018216227298,0.04370146315763271,-0.040698655937195224,0.0
-0.09910699748973503,0.0761833334045567,0.06024952346324526,-0.0016157173819860537,-0.10867211180363233,-0.0490672196945249,0.020072095510388736,-0.018736817376302055,-0.014185716655220136,0.00824414978540697,-0.12972991059049718,0.08168811736374312,0.00975470046546021,0.12738858053286997,-0.00852370566590597,0.0
-0.06171249329754077,0.03864529380765731,0.12028705740235648,-0.06662559006115674,-0.0932189411623411,-0.0490672196945249,0.020072095510388736,-0.018736817376302055,-0.014185716655220136,0.00824414978540697,0.14495806256274352,-0.1439255062350486,0.14803420906978854,-0.13471619748462,0.042352662933966286,3.0
-0.10584758056401733,0.020806333931218102,0.061126422705893864,0.025059165239484933,-0.02111261445795748,-0.0490672196945249,0.020072095510388736,-0.018736817376302055,-0.014185716655220136,0.00824414978540697,-0.058243569877546204,0.04249424529549871,0.03791339162754323,0.00023380628519448804,-0.03842807615953857,1.0
-0.030813191782476657,0.15079805148774175,0.1852162971117621,-0.021633476240399567,-0.11836990007639196,-0.0490672196945249,0.020072095510388736,-0.018736817376302055,-0.014185716655220136,0.00824414978540697,-0.04188796052063958,-0.0014253879354335969,0.05454873046206728,-0.03392654578721248,-0.03604272112048394,2.0
0.004929726721400012,0.12801508279966395,0.21692901174571994,-0.023214198229500937,-0.07186152864681193,-0.0490672196945249,0.020072095510388736,-0.018736817376302055,-0.014185716655220136,0.00824414978540697,0.016864464741093124,-0.051932179607842514,-0.09395083257901633,-0.008582859283301455,-0.0842135089402071,2.0
-0.0017522885302608908,0.1393902106122354,0.20970120971047437,-0.0052539724858072425,-0.06230353123018574,-0.0490672196945249,0.020072095510388736,-0.018736817376302055,-0.014185716655220136,0.00824414978540697,-0.09854721780194145,0.0001728666038264536,0.025194380697532374,0.03189864991136197,-0.052577250978990936,2.0
-0.1041660265375575,0.0594410500816236,0.09704763564684654,-0.007369095622824559,-0.06130814714656868,-0.0490672196945249,0.020072095510388736,-0.018736817376302055,-0.014185716655220136,0.00824414978540697,-0.10656308525460029,0.07860600659087494,-0.12444915903802382,0.12232137717214692,-0.1246067326483916,0.0
-0.08533815307251408,0.09624339553534987,0.09685132252680916,0.010120870306025863,-0.10126265039103499,-0.0490672196945249,0.020072095510388736,-0.018736817376302055,-0.014185716655220136,0.00824414978540697,-0.07726461011788444,0.06119432376521093,0.01658042315346083,0.02613501576556241,-0.05521586889925924,1.0
-0.09080062397142237,0.05213538469208302,0.11684231035591232,0.02853001585485395,0.01737711462033706,-0.0490672196945249,0.020072095510388736,-0.018736817376302055,-0.014185716655220136,0.00824414978540697,-0.1452693289788709,0.0645529640138384,-0.006280328444367138,0.1800452178851123,0.021128949992937664,3.0
-0.020535714024531873,0.1671259522888485,0.18635124244070833,0.0030630362237079062,-0.061054787518042185,-0.0490672196945249,0.020072095510388736,-0.018736817376302055,-0.014185716655220136,0.00824414978540697,-0.03222526355876781,-0.013370727376221055,0.2472866232767059,0.09624701468327794,-0.07020277720827596,3.0
-0.04899532297473389,-0.028822345155372055,-0.039214106327334894,0.07439212868989295,0.08258820761656371,-0.0490672196945249,0.020072095510388736,-0.018736817376302055,-0.014185716655220136,0.00824414978540697,-0.07146354077621028,-0.0822247920332494,-0.011167859183853506,-0.03257453146181873,-0.10702254104497426,1.0
-0.030730334138596393,-0.011611575293861549,-0.02032184142784548,0.07789183745023003,0.029626336304589256,-0.0490672196945249,0.020072095510388736,-0.018736817376302055,-0.014185716655220136,0.00824414978540697,-0.12004768286613277,-0.10535452626096423,-0.12218815106443172,0.042452623379217985,0.09027985559413902,0.0
-0.017928087304055654,-0.037883861148532066,-0.10367723026132611,0.12019341743229815,0.05488904662613606,-0.0490672196945249,0.020072095510388736,-0.018736817376302055,-0.014185716655220136,0.00824414978540697,-0.059170304115125166,-0.049624864244422855,-0.06077525941470649,0.0831996226319479,0.11947080872116943,0.0
0.08044984152140844,-0.04416852767885857,-0.12884765401360038,0.04882740322215911,0.009777813952036933,-0.0490672196945249,0.020072095510388736,-0.018736817376302055,-0.014185716655220136,0.00824414978540697,0.011081874430590227,-0.1099556222161694,-0.08375569558552914,-0.023268440295413775,0.05160817548295451,3.0
-0.03518391936080835,0.006137737232271339,-0.06255671582940447,0.09188512883664803,0.06792453508754001,-0.0490672196945249,0.020072095510388736,-0.018736817376302055,-0.014185716655220136,0.00824414978540697,0.028867313791947163,-0.10537777257956467,-0.04239737049613908,-0.17320534223206735,-0.08920086049911724,1.0
-0.05175183678784944,-0.011714062930533611,-0.05995877124869738,0.09471865646350831,0.0869896250534084,-0.0490672196945249,0.020072095510388736,-0.018736817376302055,-0.014185716655220136,0.00824414978540697,0.02315964103906549,-0.0331711774302227,0.06678405734999117,-0.10766138367710035,-0.05204636974015102,2.0
-0.039512077144098934,-0.009376350414858743,-0.06568138431093301,0.09227289963940118,0.06383213847651967,-0.0490672196945249,0.020072095510388736,-0.018736817376302055,-0.014185716655220136,0.00824414978540697,-0.01993081715177417,-0.023553935976018625,-0.010657508057062311,-0.10943600307179617,-0.036573288080863416,2.0
-0.04718213388401507,-0.00933790106665374,-0.09095848162306391,0.07201323621322676,0.03678850095178748,-0.0490672196945249,0.020072095510388736,-0.018736817376302055,-0.014185716655220136,0.00824414978540697,-0.02720050615229694,-0.058509760813402,0.00564760996207384,-0.11877116869210881,0.03860526424978494,2.0
-0.04514705630739995,0.021665854727564618,-0.07339162066728738,-0.12242909913195772,0.07053529659013678,-0.0490672196945249,0.020072095510388736,-0.018736817376302055,-0.014185716655220136,0.00824414978540697,0.014889578593810994,-0.1028015490645109,-0.13325919745208464,-0.0742265359610275,-0.03949492102375608,2.0
-0.04514705630739995,0.021665854727564618,-0.07339162066728738,-0.12242909913195772,0.07053529659013678,-0.0490672196945249,0.020072095510388736,-0.018736817376302055,-0.014185716655220136,0.00824414978540697,-0.0013204927637235633,-0.11590058255248854,-0.06774150261694094,-0.04079224716465748,-0.10595957298133467,2.0
-0.04514705630739995,0.021665854727564618,-0.07339162066728738,-0.12242909913195772,0.07053529659013678,-0.0490672196945249,0.020072095510388736,-0.018736817376302055,-0.014185716655220136,0.00824414978540697,-0.0998921721507451,-0.09270077783467996,0.004429652489558801,0.12466788880372712,0.05852786773080605,2.0
-0.04514705630739995,0.021665854727564618,-0.07339162066728738,-0.12242909913195772,0.07053529659013678,-0.0490672196945249,0.020072095510388736,-0.018736817376302055,-0.014185716655220136,0.00824414978540697,-0.04293094639281802,-0.11300621902400568,0.012889463921174182,-0.0030300317428365395,0.25011892701934174,2.0
-0.04514705630739995,0.021665854727564618,-0.07339162066728738,-0.12242909913195772,0.07053529659013678,-0.0490672196945249,0.020072095510388736,-0.018736817376302055,-0.014185716655220136,0.00824414978540697,0.1473388922541167,0.07043393578153026,0.0384067932525733,-0.0997852740934509,0.018084038309768347,2.0
-0.04514705630739995,0.021665854727564618,-0.07339162066728738,-0.12242909913195772,0.07053529659013678,-0.0490672196945249,0.020072095510388736,-0.018736817376302055,-0.014185716655220136,0.00824414978540697,0.05852286203261432,0.10511229794522783,-0.024375101659008636,0.060343912510152545,0.06031393656014969,2.0
-0.04514705630739995,0.021665854727564618,-0.07339162066728738,-0.12242909913195772,0.07053529659013678,-0.0490672196945249,0.020072095510388736,-0.018736817376302055,-0.014185716655220136,0.00824414978540697,0.016671621720976502,0.04660020695499232,-0.061489465896668025,0.041401415689555375,0.14961222564693072,2.0
-0.04514705630739995,0.021665854727564618,-0.07339162066728738,-0.12242909913195772,0.07053529659013678,-0.0490672196945249,0.020072095510388736,-0.018736817376302055,-0.014185716655220136,0.00824414978540697,0.1231132562307282,0.06989197770136865,0.029170692896362788,-0.1209795111378538,0.030625962360872557,2.0
-0.04514705630739995,0.021665854727564618,-0.07339162066728738,-0.12242909913195772,0.07053529659013678,-0.0490672196945249,0.020072095510388736,-0.018736817376302055,-0.014185716655220136,0.00824414978540697,0.10998936957809094,0.04762162284015655,0.0764301172292878,-0.11626332252641164,0.015624615535410488,2.0
-0.04514705630739995,0.021665854727564618,-0.07339162066728738,-0.12242909913195772,0.07053529659013678,-0.0490672196945249,0.020072095510388736,-0.018736817376302055,-0.014185716655220136,0.00824414978540697,0.06830633090456378,0.1200995245067166,-0.09940726566882445,0.0123476294027003,0.025710987715324138,2.0
-0.04514705630739995,0.021665854727564618,-0.07339162066728738,-0.12242909913195772,0.07053529659013678,-0.0490672196945249,0.020072095510388736,-0.018736817376302055,-0.014185716655220136,0.00824414978540697,0.02950114118652713,0.17711461060461964,0.03302237441023838,0.015265273062103391,0.019321537743087005,2.0
-0.04514705630739995,0.021665854727564618,-0.07339162066728738,-0.12242909913195772,0.07053529659013678,-0.0490672196945249,0.020072095510388736,-0.018736817376302055,-0.014185716655220136,0.00824414978540697,0.07749549377064048,0.1880410005075749,0.05074896981844668,0.09681919196905711,-0.015963935125907085,2.0
-0.04514705630739995,0.021665854727564618,-0.07339162066728738,-0.12242909913195772,0.07053529659013678,-0.0490672196945249,0.020072095510388736,-0.018736817376302055,-0.014185716655220136,0.00824414978540697,0.12185370727084852,0.12524467787615565,0.015606155798223801,-0.08412830807265616,-0.01303103204202814,2.0
-0.04514705630739995,0.021665854727564618,-0.07339162066728738,-0.12242909913195772,0.07053529659013678,-0.0490672196945249,0.020072095510388736,-0.018736817376302055,-0.014185716655220136,0.00824414978540697,0.04964971455601555,0.027401992488539643,0.035484142827721936,-0.12396852629506748,0.032900320033563454,2.0
-0.04514705630739995,0.021665854727564618,-0.07339162066728738,-0.12242909913195772,0.07053529659013678,-0.0490672196945249,0.020072095510388736,-0.018736817376302055,-0.014185716655220136,0.00824414978540697,0.09066455514439678,0.16393829690048276,0.005353281700694225,-0.04705027704312368,0.007006074938697509,2.0
-0.04514705630739995,0.021665854727564618,-0.07339162066728738,-0.12242909913195772,0.07053529659013678,-0.0490672196945249,0.020072095510388736,-0.018736817376302055,-0.014185716655220136,0.00824414978540697,-0.0035526799096357773,-0.07458544981328905,-0.011877277589656376,0.038873876733964675,0.15780284455108332,2.0
-0.04514705630739995,0.021665854727564618,-0.07339162066728738,-0.12242909913195772,0.07053529659013678,-0.0490672196945249,0.020072095510388736,-0.018736817376302055,-0.014185716655220136,0.00824414978540697,0.01801305582650242,0.10634825461001718,-0.1637585184005855,0.03509761479760336,-0.02802957180712221,2.0
-0.04514705630739995,0.021665854727564618,-0.07339162066728738,-0.12242909913195772,0.07053529659013678,-0.0490672196945249,0.020072095510388736,-0.018736817376302055,-0.014185716655220136,0.00824414978540697,-0.028829292742408662,0.18861013910062452,0.024092263675209058,0.1576883406752095,0.05610436909665465,2.0
-0.04514705630739995,0.021665854727564618,-0.07339162066728738,-0.12242909913195772,0.07053529659013678,-0.0490672196945249,0.020072095510388736,-0.018736817376302055,-0.014185716655220136,0.00824414978540697,-0.0021680159725474737,0.003457847979004428,-0.015820124814679724,0.09632710222155925,0.08249085387186611,2.0
-0.04514705630739995,0.021665854727564618,-0.07339162066728738,-0.12242909913195772,0.07053529659013678,-0.0490672196945249,0.020072095510388736,-0.018736817376302055,-0.014185716655220136,0.00824414978540697,0.00958978689577622,0.004385335181882114,-0.09342164501226184,0.04314151321544078,0.04907587918699844,2.0
-0.04514705630739995,0.021665854727564618,-0.07339162066728738,-0.12242909913195772,0.07053529659013678,-0.0490672196945249,0.020072095510388736,-0.018736817376302055,-0.014185716655220136,0.00824414978540697,0.03557689592895719,0.1293894297416321,-0.12899745745279564,0.0430289388628035,-0.10431280449936814,2.0
-0.04514705630739995,0.021665854727564618,-0.07339162066728738,-0.12242909913195772,0.07053529659013678,-0.0490672196945249,0.020072095510388736,-0.018736817376302055,-0.014185716655220136,0.00824414978540697,-0.044181817298109806,0.1582957850571334,-0.010331396327674176,0.037637781664651,-0.08185871752149063,2.0
-0.04514705630739995,0.021665854727564618,-0.07339162066728738,-0.12242909913195772,0.07053529659013678,-0.0490672196945249,0.020072095510388736,-0.018736817376302055,-0.014185716655220136,0.00824414978540697,0.09035764781199407,0.009375920189488022,-0.06814758674096047,-0.03689524877677669,-0.047003043557697105,2.0
-0.04514705630739995,0.021665854727564618,-0.07339162066728738,-0.12242909913195772,0.07053529659013678,-0.0490672196945249,0.020072095510388736,-0.018736817376302055,-0.014185716655220136,0.00824414978540697,0.024281088533142866,0.000816611664188398,-0.08884671549524872,0.028593366434709694,0.045659837929215255,2.0
-0.04514705630739995,0.021665854727564618,-0.07339162066728738,-0.12242909913195772,0.07053529659013678,-0.0490672196945249,0.020072095510388736,-0.018736817376302055,-0.014185716655220136,0.00824414978540697,0.009265270012223008,0.04447247252288753,-0.1680376777731416,0.01418788551690041,-0.0004050252467252591,2.0
-0.04514705630739995,0.021665854727564618,-0.07339162066728738,-0.12242909913195772,0.07053529659013678,-0.0490672196945249,0.020072095510388736,-0.018736817376302055,-0.014185716655220136,0.00824414978540697,-0.0815951348392464,0.24518395863605358,-0.21206017838787458,0.0475719632531171,-0.020268685455508827,2.0
-0.04514705630739995,0.021665854727564618,-0.07339162066728738,-0.12242909913195772,0.07053529659013678,-0.0490672196945249,0.020072095510388736,-0.018736817376302055,-0.014185716655220136,0.00824414978540697,-0.0006496606046654173,0.003930672578366429,-0.002086855609098131,0.09944604638434675,0.09438302063866884,2.0
-0.04514705630739995,0.021665854727564618,-0.07339162066728738,-0.12242909913195772,0.07053529659013678,-0.0490672196945249,0.020072095510388736,-0.018736817376302055,-0.014185716655220136,0.00824414978540697,0.013402711782897668,-0.02309368410360561,0.004453362872257843,0.07604747778402948,0.09893478385618691,2.0
-0.04514705630739995,0.021665854727564618,-0.07339162066728738,-0.12242909913195772,0.07053529659013678,-0.0490672196945249,0.020072095510388736,-0.018736817376302055,-0.014185716655220136,0.00824414978540697,0.0886437757008229,-0.00016816919394577564,0.06496368125695101,-0.14254844592137775,-0.042467163223840074,2.0
-0.04514705630739995,0.021665854727564618,-0.07339162066728738,-0.12242909913195772,0.07053529659013678,-0.0490672196945249,0.020072095510388736,-0.018736817376302055,-0.014185716655220136,0.00824414978540697,-0.07357413245692337,0.008365828794263423,0.08954325303527516,0.038218132230632654,0.0018769055233464418,2.0
-0.04514705630739995,0.021665854727564618,-0.07339162066728738,-0.12242909913195772,0.07053529659013678,-0.0490672196945249,0.020072095510388736,-0.018736817376302055,-0.014185716655220136,0.00824414978540697,-0.0992858594108719,-0.0598972487993062,-0.019708739016194906,-0.026638992195088414,0.17855001890835842,2.0
-0.04514705630739995,0.021665854727564618,-0.07339162066728738,-0.12242909913195772,0.07053529659013678,-0.0490672196945249,0.020072095510388736,-0.018736817376302055,-0.014185716655220136,0.00824414978540697,0.11965085139247404,0.05134370614140337,0.06863988048867661,-0.11865878095939959,0.0017713838965147746,2.0
-0.04514705630739995,0.021665854727564618,-0.07339162066728738,-0.12242909913195772,0.07053529659013678,-0.0490672196945249,0.020072095510388736,-0.018736817376302055,-0.014185716655220136,0.00824414978540697,0.07044782785076335,0.012075271071200887,0.07744678225292037,-0.1198626984881575,-0.012593415864308006,2.0
-0.04514705630739995,0.021665854727564618,-0.07339162066728738,-0.12242909913195772,0.07053529659013678,-0.0490672196945249,0.020072095510388736,-0.018736817376302055,-0.014185716655220136,0.00824414978540697,0.05557443143411804,0.027586287749463367,0.08831758286541432,-0.09377196060610515,0.010114495406302442,2.0
-0.04514705630739995,0.021665854727564618,-0.07339162066728738,-0.12242909913195772,0.07053529659013678,-0.0490672196945249,0.020072095510388736,-0.018736817376302055,-0.014185716655220136,0.00824414978540697,0.0658442882517764,0.029930942767830336,0.10589266797301727,-0.08791433431978636,-0.0022650083564162427,2.0
-0.04514705630739995,0.021665854727564618,-0.07339162066728738,-0.12242909913195772,0.07053529659013678,-0.0490672196945249,0.020072095510388736,-0.018736817376302055,-0.014185716655220136,0.00824414978540697,0.049565750034424975,0.01864195077463857,0.0873934276438391,-0.09561315189721686,0.002425650759335588,2.0
-0.04514705630739995,0.021665854727564618,-0.07339162066728738,-0.12242909913195772,0.07053529659013678,-0.0490672196945249,0.020072095510388736,-0.018736817376302055,-0.014185716655220136,0.00824414978540697,0.12617666664536975,-0.08054095627462968,-0.014907172685062309,-0.21306470115462986,-0.014058421934164749,2.0
-0.04514705630739995,0.021665854727564618,-0.07339162066728738,-0.12242909913195772,0.07053529659013678,-0.0490672196945249,0.020072095510388736,-0.018736817376302055,-0.014185716655220136,0.00824414978540697,0.06267849854592147,0.006281401882609657,0.054416433767907904,-0.13346420440300824,0.0046812812352789255,2.0
-0.04514705630739995,0.021665854727564618,-0.07339162066728738,-0.12242909913195772,0.07053529659013678,-0.0490672196945249,0.020072095510388736,-0.018736817376302055,-0.014185716655220136,0.00824414978540697,0.10817661739398425,0.08878477441150112,0.07478325238479464,-0.07612339721523467,0.0385029468706766,2.0
-0.04514705630739995,0.021665854727564618,-0.07339162066728738,-0.12242909913195772,0.07053529659013678,-0.0490672196945249,0.020072095510388736,-0.018736817376302055,-0.014185716655220136,0.00824414978540697,-0.064741337876897,-0.06756599156467684,0.14502472528370136,0.12010494830262756,0.16634595464188584,2.0
-0.04514705630739995,0.021665854727564618,-0.07339162066728738,-0.12242909913195772,0.07053529659013678,-0.0490672196945249,0.020072095510388736,-0.018736817376302055,-0.014185716655220136,0.00824414978540697,0.1272012739260538,-0.02491643772468176,-0.03255572953924266,-0.09557748631840611,-0.03047641132055266,2.0
-0.04514705630739995,0.021665854727564618,-0.07339162066728738,-0.12242909913195772,0.07053529659013678,-0.0490672196945249,0.020072095510388736,-0.018736817376302055,-0.014185716655220136,0.00824414978540697,0.004401337007157422,0.01375789541601816,2.9716318495962274e-08,0.11939449733436891,-0.0055481151360706185,2.0
-0.04514705630739995,0.021665854727564618,-0.07339162066728738,-0.12242909913195772,0.07053529659013678,-0.0490672196945249,0.020072095510388736,-0.018736817376302055,-0.014185716655220136,0.00824414978540697,0.011251944563388697,-0.026739732187413937,-0.03398519318439672,0.04873185938231423,0.11790901681568375,2.0
-0.04514705630739995,0.021665854727564618,-0.07339162066728738,-0.12242909913195772,0.07053529659013678,-0.0490672196945249,0.020072095510388736,-0.018736817376302055,-0.014185716655220136,0.00824414978540697,0.008944594053394088,-0.1209730378200795,-0.02357450310914844,0.014109661569340107,0.00583054343597661,2.0
-0.04514705630739995,0.021665854727564618,-0.07339162066728738,-0.12242909913195772,0.07053529659013678,-0.0490672196945249,0.020072095510388736,-0.018736817376302055,-0.014185716655220136,0.00824414978540697,0.12875195151339394,-0.02790092504209311,-0.032747470690237916,-0.1024762575616202,-0.03926728192721387,2.0
-0.04514705630739995,0.021665854727564618,-0.07339162066728738,-0.12242909913195772,0.07053529659013678,-0.0490672196945249,0.020072095510388736,-0.018736817376302055,-0.014185716655220136,0.00824414978540697,0.026365077068280243,-0.057563581999735006,-0.03121572093640247,0.010066055725300744,-0.13759363973888034,2.0
-0.04514705630739995,0.021665854727564618,-0.07339162066728738,-0.12242909913195772,0.07053529659013678,-0.0490672196945249,0.020072095510388736,-0.018736817376302055,-0.014185716655220136,0.00824414978540697,0.09117355168966533,-0.0882603939530101,-0.04720643523491824,-0.11091196315432228,-0.09038068562937832,2.0
-0.04514705630739995,0.021665854727564618,-0.07339162066728738,-0.12242909913195772,0.07053529659013678,-0.0490672196945249,0.020072095510388736,-0.018736817376302055,-0.014185716655220136,0.00824414978540697,-0.021463814655028043,-0.007779180961585861,-0.07013256450008758,0.08660103708573498,-0.007542194880070715,2.0
-0.04514705630739995,0.021665854727564618,-0.07339162066728738,-0.12242909913195772,0.07053529659013678,-0.0490672196945249,0.020072095510388736,-0.018736817376302055,-0.014185716655220136,0.00824414978540697,0.07859244515243077,-0.024878835052587932,-0.05043575531739399,-0.0239502962443126,-0.00581451979279386,2.0
-0.04514705630739995,0.021665854727564618,-0.07339162066728738,-0.12242909913195772,0.07053529659013678,-0.0490672196945249,0.020072095510388736,-0.018736817376302055,-0.014185716655220136,0.00824414978540697,0.007728305900100174,0.2077284792961822,-0.3208678537981735,-0.11670415582854567,-0.009829867017205538,2.0
-0.04514705630739995,0.021665854727564618,-0.07339162066728738,-0.12242909913195772,0.07053529659013678,-0.0490672196945249,0.020072095510388736,-0.018736817376302055,-0.014185716655220136,0.00824414978540697,-0.0747849722340883,-0.11316972267826708,-0.036455539109753424,0.06842470888220561,0.1173976009567874,2.0
-0.04514705630739995,0.021665854727564618,-0.07339162066728738,-0.12242909913195772,0.07053529659013678,-0.0490672196945249,0.020072095510388736,-0.018736817376302055,-0.014185716655220136,0.00824414978540697,-0.07472584473063844,-0.11174187791420244,-0.023473667017183272,0.0593130520530614,0.17120787410493227,2.0
-0.04514705630739995,0.021665854727564618,-0.07339162066728738,-0.12242909913195772,0.07053529659013678,-0.0490672196945249,0.020072095510388736,-0.018736817376302055,-0.014185716655220136,0.00824414978540697,-0.09055803747605738,0.004370096556077019,0.015921839489222423,0.01571002041526282,-0.058079548992413514,2.0
-0.04514705630739995,0.021665854727564618,-0.07339162066728738,-0.12242909913195772,0.07053529659013678,-0.0490672196945249,0.020072095510388736,-0.018736817376302055,-0.014185716655220136,0.00824414978540697,-0.10889381206434212,-0.15294607261932883,0.04926336484688468,0.03745776605244888,-0.015151996491052712,2.0
-0.04514705630739995,0.021665854727564618,-0.07339162066728738,-0.12242909913195772,0.07053529659013678,-0.0490672196945249,0.020072095510388736,-0.018736817376302055,-0.014185716655220136,0.00824414978540697,-0.1505327459846146,0.00042658545778870733,-0.005336447728651687,0.12465598931711964,-0.016986744555053706,2.0
-0.04514705630739995,0.021665854727564618,-0.07339162066728738,-0.12242909913195772,0.07053529659013678,-0.0490672196945249,0.020072095510388736,-0.018736817376302055,-0.014185716655220136,0.00824414978540697,0.0983856826747577,0.054264097634697785,0.07135248272737686,-0.11151838244009522,-0.013745427762877384,2.0
-0.04514705630739995,0.021665854727564618,-0.07339162066728738,-0.12242909913195772,0.07053529659013678,-0.0490672196945249,0.020072095510388736,-0.018736817376302055,-0.014185716655220136,0.00824414978540697,-0.10464196389560285,-0.02761502013104761,-0.04130940459584559,0.024422579013841608,-0.11342774490650868,2.0
-0.04514705630739995,0.021665854727564618,-0.07339162066728738,-0.12242909913195772,0.07053529659013678,-0.0490672196945249,0.020072095510388736,-0.018736817376302055,-0.014185716655220136,0.00824414978540697,-0.10379983986601418,-0.056564357965349116,-0.07065408766639532,0.03658452465561913,-0.11558845056184607,2.0
-0.04514705630739995,0.021665854727564618,-0.07339162066728738,-0.12242909913195772,0.07053529659013678,-0.0490672196945249,0.020072095510388736,-0.018736817376302055,-0.014185716655220136,0.00824414978540697,-0.025464368557179203,-0.07588451857884677,0.02516395286019811,-0.081345692566011,-0.0973338998480496,2.0
-0.04514705630739995,0.021665854727564618,-0.07339162066728738,-0.12242909913195772,0.07053529659013678,-0.0490672196945249,0.020072095510388736,-0.018736817376302055,-0.014185716655220136,0.00824414978540697,-0.1327688467639264,-0.07177531675166358,-0.05948509719382863,0.01533810685175508,-0.027083646641219733,2.0
-0.04514705630739995,0.021665854727564618,-0.07339162066728738,-0.12242909913195772,0.07053529659013678,-0.0490672196945249,0.020072095510388736,-0.018736817376302055,-0.014185716655220136,0.00824414978540697,0.07256905683077014,0.07933030673201828,0.045548812366821734,-0.09654883037333763,-0.03656064723162197,2.0
-0.04514705630739995,0.021665854727564618,-0.07339162066728738,-0.12242909913195772,0.07053529659013678,-0.0490672196945249,0.020072095510388736,-0.018736817376302055,-0.014185716655220136,0.00824414978540697,-0.05925931172236559,-0.06202834154602066,0.0145561141426378,0.05481835433555208,-0.17750216625903106,2.0
-0.04514705630739995,0.021665854727564618,-0.07339162066728738,-0.12242909913195772,0.07053529659013678,-0.0490672196945249,0.020072095510388736,-0.018736817376302055,-0.014185716655220136,0.00824414978540697,-0.08904408391218885,-0.05532724596764632,0.09779824433601014,0.19877284266707754,-0.017045198898660727,2.0
-0.04514705630739995,0.021665854727564618,-0.07339162066728738,-0.12242909913195772,0.07053529659013678,-0.0490672196945249,0.020072095510388736,-0.018736817376302055,-0.014185716655220136,0.00824414978540697,-0.09071097876711441,0.00723745427520799,0.02228056086663705,0.018486990574753476,-0.04586777114506273,2.0
