PC1_Eye,PC2_Eye,PC3_Eye,PC4_Eye,PC5_Eye,PC1_GSR,PC2_GSR,PC3_GSR,PC4_GSR,PC5_GSR,PC1_ECG,PC2_ECG,PC3_ECG,PC4_ECG,PC5_ECG,Label
7.499196040826069,1.0066587529364022,3.987521917724954,0.8080010598681652,3.4369469506529224,-2.915161329841011,0.5154741476278424,0.2016686454480531,-0.10843605894438628,0.189167978270416,1.6645542647050289,2.210945904240304,0.9552712496909915,-1.7108149825914594,-1.0716179653099305,1.0
10.197625727055032,-2.6836168229394652,6.0844855823091075,11.821503964513195,-12.21157901692368,-0.9413049057866001,1.413920795230139,0.4696581167302409,0.05142571611527738,-0.31575147144269056,0.566464928147326,2.1916334515936278,-0.7672074961463723,-0.5615977888234306,0.2436704332037362,0.0
4.392133868228517,0.5757481926758736,1.3623910255850515,-3.7208836099290306,-1.7479620808777634,-0.9968274642452227,2.4393211476519965,0.2844358768287114,0.5216609552093016,-0.28145910529678536,0.6077241891892442,2.2631382150029093,-1.2067274461433741,-0.4201168975184985,0.7082910091688119,0.0
2.856337861147967,2.8471913294166784,2.305504661566324,1.9856177646912347,-2.5590472957474604,-0.5306039435658727,1.6934246514087816,0.9102159716290554,-0.17903686318034637,-0.4675532520766535,0.10705021478508758,1.3673290213063165,-1.1746600238385299,-0.6923008230526853,0.36392518470823365,3.0
0.580590415213764,3.0639308739353552,-2.1379433070883618,-0.12832291792864234,0.625386548761274,-2.4289505804618283,1.279230805879017,0.08790982414462124,-0.38940341210272117,0.20046139379499409,0.4488634396528755,2.6185412168177726,-1.0134663527945198,-0.5637947015044484,0.7998170443176185,1.0
-0.1404252942314371,4.423627371709216,2.9385240185317003,3.223863947399998,2.446013243396964,-2.1830974101769125,1.2647337785553516,0.053922820825187096,-0.39940392251881696,0.16087374241977132,0.28097705755747016,2.580312942793994,-0.5450805438240026,-0.8919592221742327,1.0715364592474343,2.0
9.272423664682444,-0.19657332990426749,3.8241316487465973,0.37948488677497555,-1.2987040259691318,-1.8392277938798116,0.8324531575655991,0.5114225414103206,-0.36570343069277245,-0.1953444819175209,0.028551316208861345,2.172647813314119,-0.7634178245170029,-1.1359766315820121,0.5981887213146383,2.0
-5.952281951125597,5.59606077963661,2.3481663927547958,-1.0995518454304838,-1.5317273245974712,-0.44492519647734713,3.2268272899663484,-0.300949814163642,-0.5361284230967178,0.06324570969539549,0.13899298012944444,2.1046843920905554,-1.217769210278568,-0.9940425340759895,0.8641293506169274,2.0
1.3264570689415522,-0.8689745042739673,0.672944217781021,3.2538317812462054,-1.0904064716225035,-0.42178791900537976,1.9218089640756113,1.6413145008303318,-0.5852087835658485,-0.5326803695474152,0.5702335390221251,1.6772423894181694,-1.3247853471294484,-0.5590187796160592,0.52109263021397,0.0
8.512702126564667,-0.8275936536547621,2.579661599836288,-3.079209303747584,-3.0962219852106636,-3.6292914774061655,-0.08668454984984587,0.4138479364180649,0.15915511264894172,0.17408532439346208,0.7506975482162718,2.502077307015519,-0.717135448526603,-0.34646132304326355,0.7701785356905335,1.0
10.348917648612314,1.0155086382740284,4.185127360050326,4.718390316430738,0.7054614135156015,-0.6425703641906195,1.7769525953374519,1.3057641086333798,0.27597661059452677,-0.5642724556859016,0.498290241902112,1.8079175506478677,-1.1371629452845722,-0.48816040012419576,0.3253768119406376,3.0
-0.6774434650109737,1.3953770696275773,-3.6950261272438016,-0.6305160711672928,0.16325877452340046,-1.6950723209433003,1.3821531681062587,0.3731961593136397,0.5260992054460494,-0.24012920310148542,0.07786017191066162,2.6132316189379847,-0.8793204826751461,-0.6088858481574848,0.72009799356097,3.0
-5.4281617335900485,4.590007798693116,-0.473983861931067,-3.21762658223853,-1.1544003278791086,-0.9405210479340027,-0.8155789803303811,0.44439676532442274,-0.14556570242851197,-0.2676061270586768,-0.558305149089765,0.17823399769018292,-1.0904216888021274,-0.9857965215696004,0.2619730582598807,1.0
-5.796634562196381,5.2120045409047595,4.2117551372954285,-4.7493663971909506,-2.3812725542476345,-0.3735673429053809,0.4143372545894855,0.8077941908779307,0.08677849317809762,-0.43428940234026747,4.480562935611314,-1.3083603905293084,-4.394929951628345,3.3331994240406733,-0.22743111521579248,0.0
-6.871910448385268,2.320190888862705,1.1509592129773976,-2.883034690561828,-3.553026232875243,-0.1305781680101578,0.2495340569024352,0.34239787193662025,0.272929502991143,-0.3429902058318761,1.781084807109461,0.3041342165886287,-2.0751583153854165,0.6641501952179257,0.7605378386600076,0.0
-8.765246158860025,4.34037713400588,-1.352954696269208,-1.787902174532952,-3.0683913077969085,1.4016283377777787,0.5613542810062665,0.37966735479055264,-0.2258127340253486,-0.3381663960141389,0.36857104701992915,0.9401800502250469,-0.8468900294633445,-0.8292057158255808,0.9236592951356788,3.0
-9.755003424319964,6.112857727714201,1.5538730195268948,-2.159020852254667,-0.7751093885994628,2.0944411884881253,-0.5876207997660211,5.46993946712395,-0.3886594498987503,0.2629306388879333,-1.3047164355308152,-1.9332954290237254,0.12424279193765364,-1.4678122933962658,2.258865837729843,1.0
-2.8175847735656836,4.209906841689181,2.0201468732220142,0.875163768012708,0.21464531438627754,0.05289299792179782,-0.10575660948389315,0.3881351331363891,-0.5169188149384826,-0.28672162287779646,2.2750084653658695,-1.0833707656081104,-2.948104518962713,1.259681684855628,0.13100842108228342,2.0
-4.90653173874045,5.532545534473614,3.5236727715842786,-0.8992121267487289,-1.514115067680781,-0.7628884155078343,0.12184170408475474,-0.5734642875564745,-0.47307639177966027,0.2511958435262559,3.415341621392213,-2.9388862379639837,-4.750935383605218,2.9077741565667847,-0.29103040796710405,2.0
-10.857127115841436,4.324328543921553,-3.450945982241422,-3.1239101805579077,-1.8787287947727696,0.48637508261434953,1.1330068699699154,-0.7828858357488448,-0.28603182567438845,0.14452867881668036,2.7985432213705095,-2.6129308062960535,-3.742302214827187,1.943142562275622,0.50985622474083,2.0
-7.469829978736381,2.120485992525554,-0.14933432473028488,1.2324718697416577,-1.3081634378980138,1.5803962298618885,1.2956721425772026,0.5207013589437397,-0.8660483736400063,-0.28138991823519444,-0.5229612648686418,0.5577855805627584,-1.1144609751128,-0.943809193139697,0.23380933916985747,0.0
-5.178961874638416,3.587700930745371,6.55072184842759,0.2849123672591549,1.6860312063847283,-1.1336202732228873,-1.291812278406437,0.4634689628813691,0.06947994309822463,-0.29369527315144883,-2.468900303167265,-0.9539939540612818,-0.6427115781226238,-2.3080904317927535,0.20684443593934362,1.0
-6.553080762007924,5.5091228757625785,-1.8258716950630516,0.7663447646289617,-1.6290437129001896,2.2482907821537284,0.8315785608442557,3.0336542019021073,0.3615150162907751,-0.2675662702632666,0.4530810283121387,1.640060576237628,-0.8834988663696577,-0.830038196926197,0.4917474087834922,3.0
-7.627626890672796,1.996012944098805,-2.174440874830218,3.43798082761523,-7.116334243666794,-0.03243177072575477,0.35903099233446534,0.2821686196154,0.3325406870341194,-0.31142707365836314,-1.9645529836717783,-4.449520513942386,2.4162400031407065,-1.6873683842498743,4.973305670805544,3.0
7.123578242967068,-0.8467708499205527,0.5471994932926753,-4.854921154660612,1.1411140436807088,-2.510415983439118,1.7280452958657893,-0.020928516516014024,-0.522430214124359,0.3476798716231118,1.2319184942226038,2.651052360462661,-1.4446588484527407,-0.7989052827288419,1.079798522159681,1.0
-1.9954337575585213,3.754992142147148,-1.2783742153851536,-2.8805302400317276,0.9318417647810855,-0.09632100156566513,3.040975136797108,-0.4261795124581842,-0.07887549512021685,0.01836195425594989,0.6470851665209822,2.9639260923353277,-1.5117938730477611,-1.06649426437977,1.4856126953083053,0.0
-3.7121450756680305,2.206737235389646,-3.5139904752351834,-0.24444509915565474,0.026009685256308434,0.8105130960608096,2.771788876034933,0.08820577498430826,0.566042177228505,-0.38206404207747635,-0.18053120437820128,2.1704763492142094,-0.8043680840143479,-0.8809014265124212,1.1187117047878312,0.0
-5.477215484963705,3.6672865142180995,-3.0490213514882973,1.114488218989943,0.05317032867647521,-1.9820928265078528,2.099939848207534,0.1936780624549378,-0.0770805039493896,-0.00024913311401118435,1.6775550151822107,3.1862624972104596,-1.527781250164009,-0.5006205868306891,1.1156647483339823,3.0
4.88883767580898,-2.4715926129768793,0.07039803713972514,-1.847461435358596,2.297474285680842,-2.5064586048639756,1.6756201138246913,0.21506109775609603,-0.4682059605288376,0.14002365835539943,1.4140969928353506,2.8203412876004634,-1.6153793432182282,-0.7818537325656053,1.1637489619746544,1.0
1.5182617227104982,2.570802483755011,0.7431327618209523,-1.6905299767119302,3.4999268721779986,-2.7714228736587647,1.418896085522433,0.06567553622923475,-0.3121540926125615,0.3194396893417295,1.4881139572709732,2.754883758852224,-0.7797478120702429,-0.8466165575979739,1.743000129495026,2.0
1.345274461956565,0.7992053706544162,-1.5387918534958591,-3.48217591506038,1.5626133060033807,-1.9884186664979913,1.7337442982361015,-0.0473716039937654,-0.5398384791081775,0.21101925630876464,0.7159265771742181,2.933431318728705,-1.4235512184295698,-1.1033584098617506,1.2858343156553054,2.0
-2.3527730596638485,6.050179837814518,4.809620211739422,8.26318390652522,5.236016792021934,-2.642498056695503,1.292939717557249,0.12629558385328263,0.027601409750171214,0.1796298588966172,0.8363204499349242,2.8583336048022367,-1.125997165089512,-1.0488580467985757,1.0459444474500679,2.0
-2.0064221433976313,-0.07769168387736204,0.523570911550071,2.41177831097261,-0.16416909125546233,1.494198905042338,2.494971862764247,1.378183428337132,-1.1112969640047377,-0.43683106474183464,1.0250767622002535,3.002698342383939,-1.5483444630966532,-0.7593491226016296,1.2218056878700199,0.0
9.119087150930826,-0.511422848547806,-0.4019035180051144,-1.3755030425688843,4.538808451599691,-2.829153762647522,1.6157566025987453,0.05782782880033546,-0.3269911478050948,0.35497256082312195,1.0002120567450792,2.6306255382334145,-1.4357737101932602,-1.0296896511564728,1.0766375849578347,1.0
8.99467590177675,-4.074269336173677,1.5328064153742664,-1.3142293643289509,1.9997144079807345,-1.6750242907468789,2.765614198677646,-0.21783169985220047,0.546808935784791,0.17024364476811038,1.1580479872991571,2.119725290056864,-1.4080263416088927,-1.0294898376742865,1.6891806867846089,3.0
0.47273688265010483,0.3329937628141351,-0.4445055035664464,-0.7139898345722571,-2.0092621498272005,-2.4988044974325176,1.8964990485012487,-0.054744602361926936,0.5737266060346525,0.2548101275176033,1.3394515771062145,2.307891171199931,-1.857234248560911,-0.9617082244363172,1.0976773107018565,3.0
9.402622080983024,0.614403621607364,2.29496124867367,-0.3405859999504874,0.07350189867348499,-1.236150314228939,0.2653297359605788,-0.15921527540903296,-0.40403140598467024,0.08165764695545763,0.08103128256399646,0.2959073673328007,0.0814379945118518,-0.74529508916169,0.758399224958176,1.0
-0.8711591441511737,1.145753803918218,-4.850293647588118,-0.9604733986118233,0.39832075589064553,-3.008767514772897,-0.8761132479693209,0.07867336421265231,0.35434745828850983,0.23060653923293473,-0.9587087242872433,-0.714716505314563,-1.101418159498561,-1.152521366660038,-0.40486117773037195,0.0
-4.312940388658715,5.142901179335781,0.952146127182229,2.7000987403110837,2.0069363982162565,-2.322603456943597,-0.5134081274984001,0.16825077993791374,0.6161401428626102,-0.024054371241966334,0.5516513371188179,1.43866191904828,-0.6584697107586842,-0.7062988692234999,-0.040150310206751104,0.0
-9.441878518417326,3.345779177201485,0.8537038064892287,-0.8038321804057956,-1.649313662746137,0.39148308051492936,0.4541377142035989,1.0536266468915332,-0.11944179038818269,-0.4620537143249922,-0.9295218938950932,-0.44425414335654856,-0.7914526210886048,-1.5545970368687076,-0.26764722531892005,3.0
1.684760278149926,1.2448437941282684,-0.45330403646082595,-0.21843197140266304,0.4832445030226258,-2.548447695297255,-0.7146457250166938,0.013065944145720952,0.10826193168223062,0.1887115450001084,-0.09357999308161928,0.6961659755259654,-0.9051411004900105,-0.8504934108684553,-0.08524676769813995,1.0
4.09746942773384,1.0942905677963761,2.7698659008966984,1.9633240006814,0.19736205361252865,-1.7680721236544963,-0.11208671083778926,-0.3666277270078343,-0.1723073633425412,0.32245183863257443,0.35133160258787877,0.6003401024797299,-0.8784631504918163,-0.5660992189637317,-0.13882128390075743,2.0
-1.6541626432383378,6.186804074589227,2.102373505283338,0.626715772314478,-0.5308430559056758,-0.23792779662945251,0.5394179183696188,-0.023758669683299725,-0.5584876794481396,-0.11678174935954934,0.4939370700790862,1.0062742002562968,-0.9053682206865371,-0.6499708647924588,0.04916759649057527,2.0
-4.268529358171234,7.230269341232506,-0.2138679253591285,2.16861914984601,1.6375384080859687,-0.46333421466284525,0.8461290722264173,-0.10413096123849273,-0.06572488810762214,-0.10248732990602903,0.25463664558283133,1.0379338387252504,-1.0067395468563471,-0.838779744528424,0.22226960128794912,2.0
2.6587381989288295,-1.3637685910237844,-1.4088497670150615,2.211769880896915,-0.815653323137922,-0.16801653338581263,0.26470574811246766,1.2212598677557396,-0.3751906681269997,-0.42336671941419257,-0.3499760186303441,0.21922570975712452,-1.0431610877543074,-1.0353403630618017,-0.15800607901062677,0.0
10.994052803680574,-2.390265357447486,-4.00506637288832,0.8894045082907711,3.3241082847279877,-2.802738775675915,-1.0669100145644241,0.277125997633758,0.31799898524826303,0.026892047348159233,-0.2842321411455104,0.27331184195103575,-0.6713152421228733,-1.0691143248108277,-0.30486271031795475,1.0
0.952658406675158,-5.525874166723817,10.195255677964699,4.07970208700112,1.916712755588489,-0.21681719575427233,1.0324617410550039,-0.1848191977050734,0.30758361819312935,-0.13142315961864187,0.3345506090101251,0.9243131989769374,0.7356476682654106,-0.8487898936114823,1.4822341722000298,3.0
0.9509658290241153,2.6585609840651654,1.2582976211330905,0.9623392683424014,1.0716302303923988,-1.7504462655430197,0.3487343239554896,-0.006086132286571333,0.5069756495568937,-0.009204993534524517,-0.08852067268038544,0.5114365098535804,-0.2697654270555461,-0.9978263542092048,0.516919289502374,3.0
-6.899313914189643,4.835264463001768,2.4863270990134896,2.825289634797055,3.351187836180004,-2.5449657985064316,-1.3567024396521306,0.8971500308136118,0.27704061631474164,-0.30916165449585303,1.3801395401422059,0.2503844928531451,2.1499317207582753,-0.24789662749496516,-3.376585875432162,1.0
-6.803134953650524,-0.5746396588399599,-7.20179009700405,1.571107532507901,-2.0596437672304653,-1.2778124408951246,-0.2776843370448978,0.3167488082140262,0.18644970302214794,-0.21283969526497415,4.748511833312243,-0.549711823790561,1.7582564549861939,1.640253129273707,-1.5680448125724387,0.0
-0.17657737772984017,-0.5884076560218473,-0.7167837460629295,0.7523375085889336,-1.043209115993551,-1.5780323575000181,0.008561100004420065,-0.26021064797824156,0.4707235306808189,0.12509306481479615,1.9709294643281956,-1.2212174676885752,4.374068539701072,0.054175423159106326,-0.45293636885800065,0.0
0.3133615937793542,2.8355285434989987,2.941434729675869,5.064803867588721,4.033898590624289,-0.38316757516768274,0.9188366186015842,0.5085958674070672,-0.10249907932755518,-0.31692978685301565,-2.571756527605216,0.6427147746104996,3.919594667986455,-3.235707713083896,-2.252160707867485,3.0
-17.270961075069376,-18.138088131969035,2.3103370659606934,4.524646223806249,8.732234728526247,-2.396375746032246,-0.8913867864039839,0.8657253410337186,0.13567387011256077,-0.30039401574265456,1.8230633306996031,0.3934718331916866,1.7600252224033257,-0.14462047548999102,-3.719873333951064,1.0
-7.385271936807908,-7.067063568424886,-13.029914502666934,9.094841167040617,1.4602241597037915,0.21265395388264288,0.5712678529318966,2.200640078079144,-0.5772500172418102,-0.45665316437801023,2.1577506416878527,0.08298657298966813,2.449286693103912,0.011454319099574105,-3.711341391310658,2.0
-14.434557685796122,-4.998482608480558,-6.4746489958705675,1.9322434729803024,2.4293566452516773,-1.9423491502153585,-0.5083448879932555,0.5903046628116572,-0.08516954883499823,-0.22892956126202868,0.6810865963154806,0.07559432932355195,2.6392474007651803,-0.7573599800793017,-2.993958474287845,2.0
-15.923640198318193,-8.963412385673488,-1.878389208233872,1.4440945406449246,1.5382189475181045,-1.7214234412303955,-0.7839164423851209,0.8311403267291031,0.15942422713332272,-0.36342799251355323,1.0624651661018696,0.43290374942355986,1.8674897278237619,-0.49052993317990856,-3.1403389772543555,2.0
-13.423856495112215,-16.594373180590424,7.52689300485079,-3.8886656863858327,0.9733305153022277,-1.0050726761709345,-0.39346142305777165,0.4298060067537246,-0.15202965360850998,-0.24520388874793786,1.9479361279348435,0.34339002447499206,1.702724867894937,-0.1624343351800198,-3.2321880325155776,0.0
-2.170077244151274,-5.0387255507325985,-0.3234825626372542,1.903150235709531,-1.3639377745605945,-0.7115865241677456,-0.31468931409103346,0.9107247437864929,-0.2385792211436142,-0.40308290520376544,6.727751727640896,-4.921901656942539,10.491497554463185,4.115401104121661,3.9288036600373055,1.0
-5.870699368231585,3.596429569009208,-2.473564173171271,4.324198153538836,-2.3618376288905414,-1.7071316658265399,0.348923417718664,-0.3781974373572776,0.28639656613317616,0.27185191618064886,-2.338146877839848,0.18241589022903462,3.2216469895238276,-2.8380611889815484,-2.712772702127994,3.0
-6.765340933296546,-15.468401312034954,4.23900067006685,-7.650967381564467,-9.320597818421703,1.181544561992565,3.1904813280467708,-1.0203259297012066,0.9657015057598503,0.02329583466316569,1.531177340065638,0.2875653780125736,2.744703086599834,-0.47037843435619014,-3.5195254874430164,3.0
1.5440872680143394,2.1932392868073873,0.023447294972842602,-0.300216603075672,-3.0432696691681826,1.7690497462259902,-2.1687075401327007,-0.9476678858322675,-0.3937059531702693,0.09824242879453976,-1.0927480645716836,0.7810984009494215,-0.6699080902203233,-0.8679265447181513,0.41003370213952395,1.0
-5.357656962364766,3.5889656710151727,-1.0483437169033027,-1.3374505970996808,-1.0553724917443827,3.692461352110571,-2.5388143280241073,-0.5060331073611447,0.09273797237961043,-0.025979048669750076,-0.959797382510013,0.21801810607799002,-1.476083559848799,-0.8933852008876539,0.5241026047063497,0.0
-3.6700124523055146,1.4794861908925363,-0.44618764733183086,-3.210139501668345,3.0403325646211017,3.315861936966055,-2.2546320694644995,-1.0129638099333715,0.516534123978762,-0.0560819746414878,-0.550590575956696,0.7175050383357708,-0.5736809100825992,-0.5482723024024594,0.7728359094461884,0.0
-2.020551370530869,0.6078042030801741,2.062805803763254,0.5440850953114366,2.532286944674454,7.177388106793482,-1.2767296360322977,-0.7841229438551878,-0.3643624015533734,0.16905024723027157,0.12410544210044076,1.8776507577344363,-1.3252783505723722,-0.9269603261031664,0.9744189764285266,3.0
-0.7606277521391532,-2.3797147976508666,0.553933717716246,3.756046188373984,-1.267726320174441,0.6970366534168595,-3.1456055089865305,-0.55835526041898,0.023905595210475493,0.025194060773725196,-1.2439372446198407,0.3942118252839776,-0.6986464077762291,-0.725536235480347,0.4854687876410447,1.0
-2.65843644550347,2.575868143011301,0.7105331709756288,-0.6809352896785603,2.1268608485006273,1.4456191551619517,-2.833226731304959,-0.9978363591052508,-0.19237053220691458,0.1109222727128641,-0.8457735958050894,1.5231315470629039,-0.847758709469042,-1.1492191569372066,0.7671672170052408,2.0
-3.4905212520073547,4.813989341006592,3.187539516623971,-3.4489920289226292,2.634150010182267,2.129003072755552,-3.223453660665435,-0.4831830910221684,-0.2061216940184259,-0.07292604641015375,-0.8315451552166365,1.39177839205971,-0.03852511242085672,-0.9673522384754109,1.6337777585311124,2.0
-8.934878280231072,2.081956528849403,-4.381528024262522,-3.2815867270346564,-1.3790731232072406,1.8630618364297804,-2.8294150538782143,-1.1466792441640496,0.14538395181802918,0.12324127962957147,-0.9567678227711521,0.9121166244866118,-1.2381808121940931,-1.118726516163123,1.0192912830903424,2.0
-0.44590593869136436,-4.084404336540976,-0.010726601253314772,1.1840576633304685,-2.4038917593604876,4.829407944538636,-1.6481032466946932,-1.5980078335054448,-0.8032867367148673,0.2103216788012802,-0.27584767190147297,2.0299882111634555,-0.46490400544070637,-1.0672414278391695,1.72158610439083,0.0
7.703794449086766,-4.262744106149098,-0.6027004330160314,-2.3238928816094333,4.191584689070418,1.056712815194322,-1.9599234847963252,-1.220804298537534,-0.2452666053969393,0.2840249968271509,-1.1919926879347096,0.8754122759892262,-0.974610785404989,-0.9400090283715229,0.706897817163734,1.0
-6.089189416728724,-3.4911787602220525,-3.403995464883926,3.8051975965738944,1.1583290486730333,7.418999498060042,0.022894780962294317,-2.5410649586932417,0.8839240985158197,0.16162898329393716,-0.2578503094913107,1.3413720412981114,-0.6850380080186906,-0.9794631808061984,1.939386019602999,3.0
-7.543022377587117,-0.1204811652123613,-1.0112937743455472,0.2665020839317925,-2.5399999371582487,5.294093578666397,-1.8489938907566958,-1.642828995144613,0.6849054775835783,0.03239939711572429,-1.7089907614872022,1.9984872121469404,0.010855598664618944,-1.7953202135988027,1.7580562245912357,3.0
5.535954884415477,0.4475106301029665,-0.6573995239370822,-2.895769637397977,1.5020717614817152,-0.8444775729573848,-0.7205144977808514,0.6215491087884464,-0.22204909359279157,-0.3159959991902864,0.27328773969500275,1.6846187128997228,0.7596025166305719,-0.23297883324012705,2.3064299213133643,1.0
2.244067130663816,-0.3469418749065737,-1.6729016002372317,-1.042063327545293,0.3382545801088254,-0.9186571973548412,-0.5328354140184238,1.2830942583172282,0.305813800740489,-0.5042745713995518,-4.872362224959338,4.343977241537495,0.5505457374078803,7.016733401459977,0.24104467828207063,0.0
7.958646304851062,-1.320292323232917,-3.801610235716797,-0.32921047656668306,1.471724630197069,-1.477258443578735,-0.6953648948155131,0.8121474027579719,0.398026575787844,-0.39526136228137293,-1.9786717024221914,3.407000268246101,-0.1788167210299322,2.572484080991194,0.3889289694587911,0.0
-8.389398849310066,-12.370910096786956,7.638626027478224,-2.0303019874482846,0.8533627566598729,1.27934594956434,1.5013019942780352,-0.5490336337892886,-0.31293685921184233,-0.09867970704146269,-2.1043883585252487,-1.9249530937085533,-1.8882255602728761,-2.2123726841366236,0.5736647540952671,3.0
-0.23375451516115997,3.5435955958868557,3.3906040896197402,-2.44813941438508,1.1265000270933307,-0.2526303387430976,-1.1368594153815061,1.439904377916164,-0.23323830455462816,-0.47404414857503213,0.47009295288623854,1.5272238768669646,1.8260182740915185,-0.11134685015500054,2.867022469006353,1.0
4.70464598014997,0.3458668548147075,-0.8781465487980759,2.9765508561740734,-0.6430112638862897,-2.4450170314350523,-1.25202282031595,0.8475373936604158,0.2760845178966663,-0.34144348445360145,-1.3290466152414582,-0.11565749331513803,-0.9155993656020984,-1.3776076696810795,0.24433463356723323,2.0
4.014765428562385,-0.7637658734430411,-0.030290484974559384,-1.5243563424345377,-1.9341812721436864,-2.1053214689158013,-1.1450993644622802,1.0595046260106338,0.19909345422619146,-0.42732340655015494,-0.45310359621870094,1.8486203841673623,-0.39726515849572586,-0.606604508776756,0.25171991002942745,2.0
-1.36209713457332,2.783183327645965,0.5382335381966706,-1.7867471775871475,-0.8240669050061802,-2.267440731370512,-0.6916496959188991,0.31267245428472357,0.30088547428534973,-0.09334852640321308,-1.5805021294701276,-0.6770026189895699,0.24742378694524167,-1.4904185901029905,1.6231941822468443,2.0
5.4533781031434465,0.6054808539531522,-1.1914755665978636,2.747959553757653,0.5300119929034983,-0.4482386224968582,0.755769112604356,0.013376984848228473,-0.40609137963649466,-0.11836026429374889,-1.6228424263560612,2.593171639261728,-0.0878164934866376,1.220345543018287,0.6574795041414878,0.0
4.983999791197485,0.24368864512029648,-3.135309819906082,-2.2277570328450658,3.3387188673122363,0.061663784028421396,0.29520504736876313,0.2733865244243283,-0.5078917834404255,-0.21604044902827602,-1.4788030999729607,-1.4893187136503356,0.7763487201524436,-1.104016171546904,1.3690436555127503,1.0
1.9866891392205501,-3.5418512545390413,0.021812099037174505,-5.506065973629844,-2.14651006167207,2.1012159421409944,1.6850754033830209,0.17716994977755773,0.5484406402651952,-0.40032637202650545,-1.3615227648562476,2.701803470009257,-0.3747549063963036,0.9480288749948743,1.0697245221614569,3.0
1.5652002120652606,1.914057123010374,0.8128879537099416,-1.0254262346316647,1.1884142773011377,0.9541990466814977,2.025492119855666,-0.08968883435398964,0.6477889062826879,-0.33123384550176677,-1.1879616524167325,1.6402893568025771,0.40644749851882833,-0.10484714476572096,1.3907931553427741,3.0
10.773004312781246,-2.3606073967222785,-2.1662413722731606,1.389790136069329,-2.9752843481419466,0.9697232188660947,-0.27520295949121537,-1.1016927813576616,-0.7382249706887613,0.27744178967079214,0.7482923236558003,-1.4941321236842307,-2.209265721521818,0.8515530631222272,0.7929556556311873,1.0
3.0515666371705747,-0.5652669870281668,-0.6777002947001854,-2.5085327799876294,0.7261639829503819,1.0031544488429591,-0.5491253482912977,-1.0525303128645478,0.09633198535800047,0.15723119697077448,0.32003126591161046,0.6585965663229478,0.30508761363850656,0.364893818444839,2.249599905006669,0.0
3.1574794733922107,-0.18347704555899713,-2.3964298439572036,-4.515990906984859,1.3537690693914668,2.5406269908567776,1.4273254257666477,-2.0003027825526725,0.8501458221820049,0.3784962062676799,2.17280020350346,0.7585847901768642,0.4455665002728629,1.2499772896942916,2.780442448405321,0.0
7.736191805469631,-4.905560547036912,-2.831057401236527,1.4639244728621812,-4.857194021838239,3.7059605110446383,1.0263639920858152,0.7886647838544208,-0.41015578539825787,-0.1612022595464353,0.8252210186809118,-3.1448047068048597,0.0812595806627558,0.9504226845078584,1.1504861169383995,3.0
9.642446629652692,-4.82742233629004,-1.5131572134747078,2.185802707372649,-1.3297215708874581,0.73226884079449,-0.3810607160556372,-1.1284597963512748,-0.6598710900547631,0.3312266755590929,-0.1515085456070001,-1.7404397680353567,-1.632232405220066,0.22703580125636155,0.7460582896166201,1.0
-2.1408266349497036,3.780297874051008,0.4682243472904486,-4.99121466506807,0.8378621551900851,-0.2921806744039482,-0.23011788597066193,-0.5829095663440103,-0.39586542368694794,0.16543223083088443,1.228157491150199,1.9144236395234042,-1.4188390347141666,0.6476650025714098,0.2359152024796298,2.0
8.794264292538738,-1.1355375950656312,-3.5567631699035913,-4.065092733338669,1.3586585595779523,-0.13732619321513378,-0.9944604470460682,-0.07439561436608773,-0.2770392202080597,-0.08261895130739456,1.981370805941292,2.4028356728042146,-1.508304509081669,1.0748621667820057,0.8429800433461607,2.0
-0.18467926449137095,2.4560805370055623,-3.0335697939485566,-2.144957180883424,-0.6178715172161889,5.6146367662566564e-05,-1.4131056577135255,-0.2138732141062071,0.06402544545905281,-0.08464851348589492,2.019875929594968,2.024760898538783,-1.257261154550859,1.2371549648415805,0.18001533004467707,2.0
8.290304049195628,-3.547366981091342,-1.0546011464576095,-0.23036128723172256,0.48603191644500077,2.224469091192664,0.0713114659482017,-0.72310927939389,-0.7687078152613472,0.008180802706833114,1.3232355131816604,0.22962998562887274,-1.5577173531691877,1.1922035774984598,0.8340943515907395,0.0
13.037307535076621,-5.698892115283636,-3.400170474190604,-5.702335320006645,2.3424207698993778,0.31453181483339865,-0.29675846383063154,-1.1437295282625597,-0.4551272117019299,0.40446647610618847,1.2741341297089075,0.2810774372137017,-1.4575305456837366,1.1477061624388214,0.22610753833059194,1.0
10.533598786928902,-2.4402378785435563,-8.279309298509617,2.2832455187718765,0.07160896266202949,1.1262660837480682,0.7304576386168153,-0.6750331900394511,0.3458839640651358,-0.04497620685049593,0.3205631917860853,-3.3177478002402494,1.0250216773707486,0.3906178189355925,3.944074650968094,3.0
8.686446230679508,0.03734702734836449,-1.0423423833967325,-1.418428015857693,-0.9196345063889361,1.2092146018918486,1.1320936628531326,-1.4229334194892216,0.8940591332436835,0.2652924008890656,-0.5225399081655034,-1.7724839948244293,-2.2252560205700145,0.33608393063953884,0.09642737419788217,3.0
7.673144700823305,-4.583791074539286,-0.787645204590424,0.7001604610679103,-1.0738766085134568,0.13551463396238475,-2.749899808927116,-0.7366991987196048,0.029869183366361296,0.13839126983239325,2.5450525920289944,0.15489375129700741,-0.45211188970368604,0.8531493069661642,-2.195010827261676,1.0
9.743164697154878,4.899336387008902,4.912829173123348,3.4403711298035584,2.6957770122223303,1.2663337405933097,-2.4834592353837754,-0.35413474766546077,0.196463650591876,-0.129877648743409,2.5387452809913222,-0.4236755965263941,1.204938848209091,0.956363483761395,-1.4873759189410563,0.0
6.977886653477157,-5.289973092321891,-0.25044844820006795,0.3618665930198485,-1.8537494941728372,1.029611810494855,-2.555161042822591,-0.9235568599920569,0.6465815335854357,0.02167300511196903,2.992041196489194,-0.5182580053591838,-1.231652654445161,1.3620452286158808,-2.0543881795855383,0.0
-2.077622390801153e-17,2.2195250686325599e-16,-1.7938237349830888e-16,-1.0574768170551242e-16,-4.188060839008543e-16,6.130935099510022,-1.988637074037263,-1.2088268976467702,-0.3339148720769705,0.1594615586261669,0.8438866571490662,0.4210615500165233,0.3004811032542661,-0.3590027684014407,-1.778596128183309,0.0
-2.077622390801153e-17,2.2195250686325599e-16,-1.7938237349830888e-16,-1.0574768170551242e-16,-4.188060839008543e-16,-0.06190977320744321,-1.5311158383595835,-1.1583759603124852,-0.22353604545986414,0.4608965572188474,2.7007651271642596,-0.8253750511510074,-1.1205078637708694,1.1676413035584163,-1.8748267391503992,0.0
-2.077622390801153e-17,2.2195250686325599e-16,-1.7938237349830888e-16,-1.0574768170551242e-16,-4.188060839008543e-16,3.53631215513493,-3.5797959177734042,0.6113216929197842,-0.2553896635215916,-0.09011670734454882,1.1764483211561003,0.479629110622284,0.0027784055914860293,-0.07044438659207562,-1.5601354944743255,0.0
-2.077622390801153e-17,2.2195250686325599e-16,-1.7938237349830888e-16,-1.0574768170551242e-16,-4.188060839008543e-16,2.7339680927264736,-2.691073188773731,-0.9047150837891127,-0.39665392680923667,0.049315532850837215,3.1811703292330304,-0.4354082792321482,-1.1855778163373176,1.3816734079623725,-1.8007828424316104,0.0
-2.077622390801153e-17,2.2195250686325599e-16,-1.7938237349830888e-16,-1.0574768170551242e-16,-4.188060839008543e-16,0.5711490205068357,-3.427047860571807,-1.4407303299355525,0.3476890096170602,0.41459851241490964,1.5021904338875558,0.8555955528578814,-0.06590385252251647,0.10365087251993876,-1.3458164316602543,0.0
-2.077622390801153e-17,2.2195250686325599e-16,-1.7938237349830888e-16,-1.0574768170551242e-16,-4.188060839008543e-16,2.7679947985296587,-2.196798772038302,-0.6549434316430955,-0.4127445277893522,-0.014869395017296306,2.7976707030352954,-0.28019593448800517,-0.39662838023311836,1.0509458281983646,-1.1973162637498527,0.0
-2.077622390801153e-17,2.2195250686325599e-16,-1.7938237349830888e-16,-1.0574768170551242e-16,-4.188060839008543e-16,0.4785276607781092,-1.4728653962202785,-1.1157722098515175,-0.24295725590576728,0.31869973899482745,2.800173737637341,-0.844859800514531,0.7730793790572629,1.0817016367240138,-0.27386107535048254,0.0
-2.077622390801153e-17,2.2195250686325599e-16,-1.7938237349830888e-16,-1.0574768170551242e-16,-4.188060839008543e-16,5.7788758323422815,-2.05240604983284,-1.6790981798440203,0.7849938810538264,0.10539488392109525,1.733624787444589,0.21949338479128272,0.4570903155056846,0.45755998659414393,-1.4532064517388494,0.0
-2.077622390801153e-17,2.2195250686325599e-16,-1.7938237349830888e-16,-1.0574768170551242e-16,-4.188060839008543e-16,5.799246663950036,-2.474624744166439,-1.2700670820926998,0.878881243768486,-0.007016363971409923,2.3808279413044704,-0.9854085399817819,2.314940984796176,1.0988087234844004,-0.17216114583017478,0.0
-2.077622390801153e-17,2.2195250686325599e-16,-1.7938237349830888e-16,-1.0574768170551242e-16,-4.188060839008543e-16,-0.9860447644108171,0.4203938117841665,0.6812527015917252,-0.5122889759290296,-0.3202019993746845,-0.38037559951124644,1.0094327216410575,-0.33826647197786125,-1.2060803735709662,-0.19389926978004243,0.0
-2.077622390801153e-17,2.2195250686325599e-16,-1.7938237349830888e-16,-1.0574768170551242e-16,-4.188060839008543e-16,-3.07250308804819,-0.8065151546416124,0.14715550310243303,0.3503319326899826,0.1918721346646633,-1.3676041630277773,-1.1918423191864678,-0.6792929416961784,-1.5282482100919408,-0.2676259008845192,0.0
-2.077622390801153e-17,2.2195250686325599e-16,-1.7938237349830888e-16,-1.0574768170551242e-16,-4.188060839008543e-16,-2.37295295310329,-0.21174471200586664,-0.007945179027324206,0.44287635826719735,0.1267771773790847,-1.4653127767042031,-1.1259318133623801,-0.2270890698448783,-1.8429345173947047,0.6278210609841841,0.0
-2.077622390801153e-17,2.2195250686325599e-16,-1.7938237349830888e-16,-1.0574768170551242e-16,-4.188060839008543e-16,-0.49167825495575296,1.3069420777763565,-0.3800572794457484,-0.12952946871966906,0.0637179693576826,-0.07952613664961428,1.6169538598985151,-0.9178644859786028,-1.9244688001435915,0.7557885651589633,0.0
-2.077622390801153e-17,2.2195250686325599e-16,-1.7938237349830888e-16,-1.0574768170551242e-16,-4.188060839008543e-16,-1.4649694806011337,-0.803487843357688,1.739880377546593,-0.03928690786791304,-0.6270009726042041,-0.6853314805927972,0.4779294337127257,-0.4296560474019207,-1.4367560235873325,0.09926225478120043,0.0
-2.077622390801153e-17,2.2195250686325599e-16,-1.7938237349830888e-16,-1.0574768170551242e-16,-4.188060839008543e-16,-1.9525814020431524,-0.10876924401636898,0.24447069346877487,-0.13667183361627844,-0.061427953251414445,-0.971265507326905,-0.00639108408870286,-0.22390570706195093,-1.5698439411806284,-0.44874280912743314,0.0
-2.077622390801153e-17,2.2195250686325599e-16,-1.7938237349830888e-16,-1.0574768170551242e-16,-4.188060839008543e-16,-3.0982909660657305,-1.0126499938479312,0.4828375481420582,0.2988612258080805,-0.03728843743661803,-1.359099735982468,-0.5883613890997735,-0.536569204276364,-1.6545024502070735,-0.2704972594788164,0.0
-2.077622390801153e-17,2.2195250686325599e-16,-1.7938237349830888e-16,-1.0574768170551242e-16,-4.188060839008543e-16,-2.9570256614735757,-0.5108531120818912,0.13248383425348184,0.2694398113420601,0.19000524542194527,-0.6455743230405347,0.6684276515115373,-0.6495365849639426,-1.3400199639900574,-0.22077016263236351,0.0
-2.077622390801153e-17,2.2195250686325599e-16,-1.7938237349830888e-16,-1.0574768170551242e-16,-4.188060839008543e-16,0.694235997331754,1.2898751553169825,0.6344328024002757,-0.7280117412654403,-0.34373139507757344,-0.7892169846535056,0.29393616186931937,-0.6102044829005641,-1.4777150074398997,0.07404752464230355,0.0
-2.077622390801153e-17,2.2195250686325599e-16,-1.7938237349830888e-16,-1.0574768170551242e-16,-4.188060839008543e-16,-1.1551840962047981,0.3966476468624438,0.2108842038344505,-0.2708553033311003,-0.14552197094079314,-0.34804863596270025,1.579477485685412,-0.31726557677662315,-0.9937534963391415,0.05502363802531251,0.0
-2.077622390801153e-17,2.2195250686325599e-16,-1.7938237349830888e-16,-1.0574768170551242e-16,-4.188060839008543e-16,-0.11052874438765711,0.05920196850645386,1.0101133182319686,0.4388161863812386,-0.4512844531786813,-2.3514926164329255,-2.2959565616147914,-0.9409976460908237,-2.1958620262320014,0.2288251605402315,0.0
-2.077622390801153e-17,2.2195250686325599e-16,-1.7938237349830888e-16,-1.0574768170551242e-16,-4.188060839008543e-16,-2.4855340349239077,-0.05121941441624618,-0.0740968235835401,0.4805008349673297,0.21364368799635122,-0.6030311464419089,0.5220281344464991,-0.47453245159209895,-1.4099639482388089,-0.5061922972000288,0.0
-2.077622390801153e-17,2.2195250686325599e-16,-1.7938237349830888e-16,-1.0574768170551242e-16,-4.188060839008543e-16,-2.218693286494015,1.628132019879835,-0.16761350264832073,-0.51585501340403,0.38275771391210867,-1.9450407744617164,-1.7295093034270637,-0.08343357276809328,-1.0254932596470254,-1.0304274745559623,0.0
-2.077622390801153e-17,2.2195250686325599e-16,-1.7938237349830888e-16,-1.0574768170551242e-16,-4.188060839008543e-16,-2.9440760788896765,-0.2186913340072257,0.32634811388674495,0.29277581299023653,0.04256529652811981,-2.5555305638839365,-1.6448180714800757,-1.0062705557559843,-0.9946454076053142,-0.5212303628536405,0.0
-2.077622390801153e-17,2.2195250686325599e-16,-1.7938237349830888e-16,-1.0574768170551242e-16,-4.188060839008543e-16,-2.0498479380801276,1.0146932857599131,-0.14141619953344622,0.6901737298446455,0.1527030047470476,-2.1264339552080513,-1.8678730092339024,-0.27468935554819873,-0.8919437782250271,-0.6887760317767833,0.0
-2.077622390801153e-17,2.2195250686325599e-16,-1.7938237349830888e-16,-1.0574768170551242e-16,-4.188060839008543e-16,-0.5795985854757865,2.3013280004678944,-0.2554771909661576,-0.12176003306306589,-0.0037250711258028533,0.0656794842922114,0.66147196615222,-0.31721877603712656,-1.4907243131745942,0.5913129241208316,0.0
-2.077622390801153e-17,2.2195250686325599e-16,-1.7938237349830888e-16,-1.0574768170551242e-16,-4.188060839008543e-16,-3.06686609938681,0.48657235306418134,0.12253241069919305,-0.020208694784907014,0.29594497481738685,-1.586451347862345,-1.2576507213066797,0.15009862582892217,-0.6396916841705791,-1.0159071848364174,0.0
-2.077622390801153e-17,2.2195250686325599e-16,-1.7938237349830888e-16,-1.0574768170551242e-16,-4.188060839008543e-16,-1.9697273506334432,1.3351365279748046,-0.19805233139864858,-0.46024486748669824,0.31452960731425716,-1.7957693949418936,-1.6289146811657742,-0.9372454333449645,-1.6345651808029351,-0.3687273451104384,0.0
-2.077622390801153e-17,2.2195250686325599e-16,-1.7938237349830888e-16,-1.0574768170551242e-16,-4.188060839008543e-16,-2.5617717490136185,0.6475089994645479,0.05624562927144816,-0.18088583611874332,0.22359433126358375,-1.8146164375564027,-1.7222583892741734,-1.1847690605196457,-1.423337982368308,-0.4495938311253043,0.0
-2.077622390801153e-17,2.2195250686325599e-16,-1.7938237349830888e-16,-1.0574768170551242e-16,-4.188060839008543e-16,-2.612096014056979,0.7060461677187513,-0.02777455887892053,0.09581763824442724,0.2781260613381957,-2.123348382255822,-1.196238566009355,-0.4747131301466522,-1.142457017815382,-0.5904211171150345,0.0
-2.077622390801153e-17,2.2195250686325599e-16,-1.7938237349830888e-16,-1.0574768170551242e-16,-4.188060839008543e-16,-1.1766711447128981,1.4965385870378993,0.05833349392968244,-0.4874019070617481,-0.025708304844687363,-2.014614835306106,-1.14758109185641,-1.0590288490862536,-1.1071174668632884,-0.45165527473185996,0.0
-2.077622390801153e-17,2.2195250686325599e-16,-1.7938237349830888e-16,-1.0574768170551242e-16,-4.188060839008543e-16,-3.520526903730771,-0.1530336918823827,0.27102085366276346,0.2674744300262911,0.25274066412782864,-2.1082649835841463,-1.6243632355606312,-0.3906528757379363,-0.9496418179649116,-0.7301139373297971,0.0
-2.077622390801153e-17,2.2195250686325599e-16,-1.7938237349830888e-16,-1.0574768170551242e-16,-4.188060839008543e-16,-1.0247350372939723,1.5620151568569467,0.5184317817264642,0.4711489392388226,-0.3585015074055386,-2.434864618872261,-2.690708278184645,-0.9505175828082193,-1.3263804544239544,-0.6699072672146654,0.0
-2.077622390801153e-17,2.2195250686325599e-16,-1.7938237349830888e-16,-1.0574768170551242e-16,-4.188060839008543e-16,-2.1070616543188407,1.2483402046711531,-0.09706312429375907,0.7580457042094214,0.12863611511632744,-2.061520397743394,-1.9616087301528211,-0.04026028115786,-1.1322196819818877,0.3952242243981119,0.0
-2.077622390801153e-17,2.2195250686325599e-16,-1.7938237349830888e-16,-1.0574768170551242e-16,-4.188060839008543e-16,1.148108656555494,1.1906302456309636,-0.6365893163993637,-1.1120404061212945,0.06586819601268815,1.439792374284815,0.34501411789757896,-0.6344797473961876,0.4715059254693519,-0.47653423994237976,0.0
-2.077622390801153e-17,2.2195250686325599e-16,-1.7938237349830888e-16,-1.0574768170551242e-16,-4.188060839008543e-16,0.07728436711184154,0.964043154015384,-0.5430041683967028,0.0438617179311844,0.03508012958344382,-0.3071645128552034,0.5065318079881553,0.32276725502560155,-0.49727266052638225,-0.06466825344469805,0.0
-2.077622390801153e-17,2.2195250686325599e-16,-1.7938237349830888e-16,-1.0574768170551242e-16,-4.188060839008543e-16,0.7261046254249479,0.5979523777380271,-0.3067464645822629,0.7177504140575846,-0.20925943589834614,2.645560657034469,-0.25741931688478203,-1.656686318709372,1.3772169122279734,-1.3912857911494263,0.0
-2.077622390801153e-17,2.2195250686325599e-16,-1.7938237349830888e-16,-1.0574768170551242e-16,-4.188060839008543e-16,1.4124627621623533,2.3578713167016034,-1.0260955006358943,-0.4059684871269161,0.13620285716644207,0.013796790747280591,0.6027168451581655,0.3595276872923913,-0.3162648755137717,-0.9948539287628163,0.0
-2.077622390801153e-17,2.2195250686325599e-16,-1.7938237349830888e-16,-1.0574768170551242e-16,-4.188060839008543e-16,0.6537251782339006,-0.24286381803874285,0.21514961543556063,-0.6356928985214314,-0.18743527218009257,0.18482403208461887,0.3021757209953888,-0.10748226145532734,-0.2313856042700087,-0.9231519557602001,0.0
-2.077622390801153e-17,2.2195250686325599e-16,-1.7938237349830888e-16,-1.0574768170551242e-16,-4.188060839008543e-16,-0.5937106015542456,0.7957639546004184,-0.4819014128978818,-0.6151906470695242,0.18458926913489176,0.4259356756453516,0.9153918006884397,-0.3941159773046075,-0.14754138705938835,-0.8502634358298522,0.0
-2.077622390801153e-17,2.2195250686325599e-16,-1.7938237349830888e-16,-1.0574768170551242e-16,-4.188060839008543e-16,-0.2119195042536295,0.6095729668519083,0.3083231361223557,-0.5662343370636739,-0.23047739778998474,1.8568489677852815,0.40979466225091876,0.5398305775716136,0.6321140623664564,0.4268525672966171,0.0
-2.077622390801153e-17,2.2195250686325599e-16,-1.7938237349830888e-16,-1.0574768170551242e-16,-4.188060839008543e-16,-0.12327417471396528,1.1934963240837173,-0.44578334449361146,-0.23306927169153116,0.041977602143180956,1.7141525313725208,-0.5631420526162522,2.4995702248042293,0.4520360906281986,2.334343439331411,0.0
-2.077622390801153e-17,2.2195250686325599e-16,-1.7938237349830888e-16,-1.0574768170551242e-16,-4.188060839008543e-16,1.855615850544443,2.193191902897325,-0.8493229348189344,-1.129729914412574,0.06783646293903879,0.39530771863258135,0.3056213759174313,0.0949321993551721,0.06078240941526034,-0.1474138707948309,0.0
-2.077622390801153e-17,2.2195250686325599e-16,-1.7938237349830888e-16,-1.0574768170551242e-16,-4.188060839008543e-16,0.9036649050017602,0.7988450473082712,-0.5343231073173802,-0.7782440238413697,0.02591746506658725,0.07601994729233695,0.6600491633832422,-0.3007646268052547,-0.2687876080268735,-0.8696095178182407,0.0
-2.077622390801153e-17,2.2195250686325599e-16,-1.7938237349830888e-16,-1.0574768170551242e-16,-4.188060839008543e-16,1.5810484662914428,2.440820963758734,-0.7467727446775465,0.7744470522710932,-0.15881397842072034,-0.6640807538750553,1.1840986958290913,0.6407271989086724,-1.0960023451590397,-1.0495470391329904,0.0
-2.077622390801153e-17,2.2195250686325599e-16,-1.7938237349830888e-16,-1.0574768170551242e-16,-4.188060839008543e-16,0.732299015181052,1.7490174138172612,-0.5642553561906152,0.8559528768660654,-0.14308945877455556,0.839266458328694,0.592343025835675,-0.6340242863390169,0.29855610677188515,-1.084539897778583,0.0
-2.077622390801153e-17,2.2195250686325599e-16,-1.7938237349830888e-16,-1.0574768170551242e-16,-4.188060839008543e-16,-1.2553244882014098,-0.08274937995946059,-0.3861935417301209,-0.3193366955875418,0.20611785271092878,0.355235044489549,0.561119759336718,1.3612559382654514,-1.2677522010897682,-1.9183878008959563,0.0
-2.077622390801153e-17,2.2195250686325599e-16,-1.7938237349830888e-16,-1.0574768170551242e-16,-4.188060839008543e-16,0.5697641507331237,-0.5758883239204479,-0.07471066563322303,0.10528163929023317,-0.21118981170222315,-0.1822243807229089,0.1201645835969703,0.9024464913003407,-1.1136708365769352,-2.1868038444398206,0.0
-2.077622390801153e-17,2.2195250686325599e-16,-1.7938237349830888e-16,-1.0574768170551242e-16,-4.188060839008543e-16,2.5942727423477643,0.31706531560214085,0.7776501675539265,0.7398961507638157,-0.41687966117323,-0.21021310948209945,-2.3019949736954377,4.531465636512688,-0.7963268302937748,2.2443802286941605,0.0
-2.077622390801153e-17,2.2195250686325599e-16,-1.7938237349830888e-16,-1.0574768170551242e-16,-4.188060839008543e-16,2.435190978485593,1.0802924211797165,0.03767302439322803,-0.2586171256734549,-0.28914288266394583,1.7616686634461958,0.02765554353946079,0.6368176743994979,-0.24333057091422483,-1.4075878126208146,0.0
-2.077622390801153e-17,2.2195250686325599e-16,-1.7938237349830888e-16,-1.0574768170551242e-16,-4.188060839008543e-16,-1.0367868197873502,0.0573381292356609,-0.34491635416539146,-0.39399666367302133,0.1574348395210527,0.045635313483099224,0.05369804811133429,0.6976032221163176,-1.291544977464913,-1.6375605200335779,0.0
-2.077622390801153e-17,2.2195250686325599e-16,-1.7938237349830888e-16,-1.0574768170551242e-16,-4.188060839008543e-16,-1.6482262522413964,-1.3572460975358933,-0.001290732594745764,0.08721989654029265,0.00959111336570393,1.1664918017409385,0.010413654196390044,0.3390877329476238,-0.14685705650848616,-2.3992557522128624,0.0
-2.077622390801153e-17,2.2195250686325599e-16,-1.7938237349830888e-16,-1.0574768170551242e-16,-4.188060839008543e-16,-0.8032729784056732,-0.8099721357473746,-0.18228782850911257,-0.19762416252644815,0.021872606232231317,0.8181594342194389,-1.1870432420187516,2.0890868372748335,-0.0022935536999079006,-0.644601912133658,0.0
-2.077622390801153e-17,2.2195250686325599e-16,-1.7938237349830888e-16,-1.0574768170551242e-16,-4.188060839008543e-16,-0.8133269741397313,-0.14750397154115824,-0.5671819407241424,-0.08941626441651361,0.21519063786849732,-0.3025057001232307,-0.19505832702770723,1.4420740250930781,-0.7936050523269413,-2.0297925812607627,0.0
-2.077622390801153e-17,2.2195250686325599e-16,-1.7938237349830888e-16,-1.0574768170551242e-16,-4.188060839008543e-16,2.393256470653777,1.4711485045501442,0.0025784796579563954,-0.9819567568415702,-0.20172148954237074,0.33546243073994597,-0.1774093302901593,0.47374399032012515,-0.45465504903865933,-1.8725593822839428,0.0
-2.077622390801153e-17,2.2195250686325599e-16,-1.7938237349830888e-16,-1.0574768170551242e-16,-4.188060839008543e-16,-1.0925966959291713,-0.6083536291260814,0.015366796318178748,-0.14229528325585603,-0.08826284421104418,0.9793124861287427,0.02811171667736214,2.730083854492722,-0.7314940535160154,0.7299256477465851,0.0
-2.077622390801153e-17,2.2195250686325599e-16,-1.7938237349830888e-16,-1.0574768170551242e-16,-4.188060839008543e-16,2.0810589606930914,2.257580167358334,0.03441433600169093,0.7614968342481873,-0.37985671277680527,1.473575604284599,-0.12633581769003585,1.3865084793951725,-0.4104945527351795,-0.5768322854868647,0.0
-2.077622390801153e-17,2.2195250686325599e-16,-1.7938237349830888e-16,-1.0574768170551242e-16,-4.188060839008543e-16,-0.015816313405374836,0.7896112470602233,-0.40657082076868406,0.5803865807861273,-0.09579620528200301,0.8638133818933169,-0.21313428907242657,1.3799410535104912,0.049429073814990954,-1.609547962757596,0.0
-2.077622390801153e-17,2.2195250686325599e-16,-1.7938237349830888e-16,-1.0574768170551242e-16,-4.188060839008543e-16,-1.8589346291378375,-1.2995634158205318,0.4890203331772996,0.06284080920756235,-0.2283751461478112,5.477488571651884,-0.35964207654622055,1.690147983571543,3.519604101875763,1.3989250820412573,0.0
-2.077622390801153e-17,2.2195250686325599e-16,-1.7938237349830888e-16,-1.0574768170551242e-16,-4.188060839008543e-16,-1.7810185663305207,-1.8130825782534532,0.20260346435798002,0.32216585748057885,-0.11162241456117616,3.4129365989652665,1.4616855998697909,-0.6818078255873574,1.533786054501859,-0.13107984055619407,0.0
-2.077622390801153e-17,2.2195250686325599e-16,-1.7938237349830888e-16,-1.0574768170551242e-16,-4.188060839008543e-16,-0.10838502207941225,-1.1328402601081236,0.9847809163691226,0.6060868356306026,-0.4997857226851126,4.043121185158918,0.9341680658599023,-0.15724508325955516,1.9324263422042252,0.43469893017143507,0.0
-2.077622390801153e-17,2.2195250686325599e-16,-1.7938237349830888e-16,-1.0574768170551242e-16,-4.188060839008543e-16,2.307552958371045,1.58154987593451,-0.49876037956033537,-0.3023092695292087,-0.1538545740450638,4.466436277119716,-0.34527600952622983,-1.7221333424439718,3.098292053817441,-0.9791320677225258,0.0
-2.077622390801153e-17,2.2195250686325599e-16,-1.7938237349830888e-16,-1.0574768170551242e-16,-4.188060839008543e-16,-1.9795046833414347,-1.365913286621499,0.3449832782705422,0.1467112689486038,-0.1416928854892176,4.103851599659372,0.7662205293420375,-0.5828570038570051,2.4364239327681823,-0.5616498418800627,0.0
-2.077622390801153e-17,2.2195250686325599e-16,-1.7938237349830888e-16,-1.0574768170551242e-16,-4.188060839008543e-16,-0.9530567195911593,-1.8074078792806851,0.3699080387862272,0.06330183000919724,-0.24547351444505297,3.0972760698731547,1.7709188726870937,-0.8382803903419836,1.2886459624807869,-1.1325595525762633,0.0
-2.077622390801153e-17,2.2195250686325599e-16,-1.7938237349830888e-16,-1.0574768170551242e-16,-4.188060839008543e-16,-1.326447301887258,-1.9039568924085717,0.5442121239843982,0.21452456616963617,-0.2735953133596423,3.063699802737981,0.9199485233646683,0.6370598343324212,1.303502640702628,0.7474838264266892,0.0
-2.077622390801153e-17,2.2195250686325599e-16,-1.7938237349830888e-16,-1.0574768170551242e-16,-4.188060839008543e-16,-1.9139853020276196,-1.8558506712095808,0.10830033210818227,0.3100619573774115,-0.03371266071189717,2.6922651404578217,1.741398184458741,-0.42810045936900615,1.0578209352029886,-0.5043970246343693,0.0
-2.077622390801153e-17,2.2195250686325599e-16,-1.7938237349830888e-16,-1.0574768170551242e-16,-4.188060839008543e-16,-0.9186981055995675,-0.7457925654914462,0.20590134894333675,-0.16269683932122497,-0.15793925324068592,3.55689778786842,1.424734115976036,-0.8566826917715962,1.8693046548197552,-1.2925780923710743,0.0
-2.077622390801153e-17,2.2195250686325599e-16,-1.7938237349830888e-16,-1.0574768170551242e-16,-4.188060839008543e-16,-1.9827303299008694,-1.1985741998096906,0.3638285594829435,0.14516031972728577,-0.1383214233176445,5.192878677571177,-0.5047178362514569,1.9597484753068202,3.0748716258877926,2.757762965444678,0.0
-2.077622390801153e-17,2.2195250686325599e-16,-1.7938237349830888e-16,-1.0574768170551242e-16,-4.188060839008543e-16,3.1839335850069563,1.3751255099304849,0.02548119214678375,0.7589536966570684,-0.39464256990032504,3.6591599526003584,1.2684901362087737,-1.534114812109806,2.014757380171503,-0.8319941392782517,0.0
-2.077622390801153e-17,2.2195250686325599e-16,-1.7938237349830888e-16,-1.0574768170551242e-16,-4.188060839008543e-16,4.237680883245908,2.4128130925703988,0.3227038191069342,0.7841714065566724,-0.38490853466188896,3.506712755728344,1.2515603785392753,-1.0183868752376546,1.7830929292586921,-0.17313494524025055,0.0
-2.077622390801153e-17,2.2195250686325599e-16,-1.7938237349830888e-16,-1.0574768170551242e-16,-4.188060839008543e-16,-1.3954470792730544,-0.016973513531997875,-0.5474132901720584,-0.30125439555671735,0.3797570105952571,0.000607181572376386,0.599642978197332,1.000975829244493,-1.2037656402106074,-0.6422336602134275,0.0
-2.077622390801153e-17,2.2195250686325599e-16,-1.7938237349830888e-16,-1.0574768170551242e-16,-4.188060839008543e-16,-2.441884050074369,-0.7559851655738633,-0.17175257448916326,0.31522416520287627,0.2810020542280007,-1.7609563581771852,-0.4841287438415974,0.9527126541039875,-1.510078547756148,-0.6354047890966972,0.0
-2.077622390801153e-17,2.2195250686325599e-16,-1.7938237349830888e-16,-1.0574768170551242e-16,-4.188060839008543e-16,-2.5454638604136077,-1.028648720579023,-0.14786502852036942,0.4275518017881083,0.27043237058765723,-2.1678160082048197,0.2430475914744152,0.7587985710891293,-2.148028690394377,-0.7905736259199029,0.0
-2.077622390801153e-17,2.2195250686325599e-16,-1.7938237349830888e-16,-1.0574768170551242e-16,-4.188060839008543e-16,3.0750116425647755,1.953314452461051,0.3098047823908575,-0.4835813783596462,-0.2772986022845697,-1.0870292205003464,0.17304707503818956,1.057944058202074,-1.5521779273196157,-0.7860495928331979,0.0
-2.077622390801153e-17,2.2195250686325599e-16,-1.7938237349830888e-16,-1.0574768170551242e-16,-4.188060839008543e-16,-2.142870301817709,-1.0593495146747447,-0.07194865924066954,0.10195217035685598,0.13627644931937852,-1.906206673667444,0.586923125463932,0.7551928161173019,-2.285671454674992,-0.5787635191829598,0.0
-2.077622390801153e-17,2.2195250686325599e-16,-1.7938237349830888e-16,-1.0574768170551242e-16,-4.188060839008543e-16,-0.9719610257903075,-0.18918258991867032,-0.5977012394561652,-0.31505863443021004,0.29995657673478604,-0.03867022577350933,0.7207841604258447,0.010143259117757307,-0.604038646839768,-1.1055398959152227,0.0
-2.077622390801153e-17,2.2195250686325599e-16,-1.7938237349830888e-16,-1.0574768170551242e-16,-4.188060839008543e-16,-1.5823572308829879,-0.8190072482376479,-0.1744325433775915,-0.05062120266743975,0.10344233358076445,0.4109291769582237,0.7487933406365381,0.093854574545882,-0.8367010503159266,-0.8586295459080763,0.0
-2.077622390801153e-17,2.2195250686325599e-16,-1.7938237349830888e-16,-1.0574768170551242e-16,-4.188060839008543e-16,-1.3977947765868184,-0.20060538706220704,-0.5523263280661902,-0.017239961033549408,0.3487409214241601,-0.719235897980959,0.34411596936062677,1.3457246930087727,-1.438227564238317,0.165613587960002,0.0
-2.077622390801153e-17,2.2195250686325599e-16,-1.7938237349830888e-16,-1.0574768170551242e-16,-4.188060839008543e-16,-1.1037925719779942,0.5735950109464447,-0.363900383244396,-0.32943221974299886,0.18401496684689467,-0.898540697100608,0.8179891458594933,0.3166726209231924,-2.430309267556964,-0.20974918949356564,0.0
-2.077622390801153e-17,2.2195250686325599e-16,-1.7938237349830888e-16,-1.0574768170551242e-16,-4.188060839008543e-16,-1.7884893782957985,-0.4947842105013251,-0.29873266516062763,-0.033935821345487206,0.2520905236689069,-0.5081345096751848,0.5778062655504631,0.3313348310911878,-1.3550577247568576,-0.7766179670613937,0.0
-2.077622390801153e-17,2.2195250686325599e-16,-1.7938237349830888e-16,-1.0574768170551242e-16,-4.188060839008543e-16,1.3829947038058386,0.8804991232824796,-0.4195941992455625,0.7220616112228337,-0.22966811534756867,-1.1727419554973155,-0.9898256572778519,1.8006527184768109,-1.4539558787544788,0.16281135117250467,0.0
-2.077622390801153e-17,2.2195250686325599e-16,-1.7938237349830888e-16,-1.0574768170551242e-16,-4.188060839008543e-16,-1.1239425005343244,-0.6296693067516115,-0.5774385467380129,0.7196076475889651,0.20272658183602116,-1.6318894879683086,0.2716026602201156,1.9673324555660954,-1.8925174870901207,-0.4499000508358724,0.0
-2.077622390801153e-17,2.2195250686325599e-16,-1.7938237349830888e-16,-1.0574768170551242e-16,-4.188060839008543e-16,-1.894551129152744,-1.0910965069470933,0.5238418078556614,0.07349396772501222,-0.20333712541798238,-2.2982636449103273,-5.826222132730937,-3.4244681676032913,-0.14536460125198053,-0.28150117204933117,0.0
-2.077622390801153e-17,2.2195250686325599e-16,-1.7938237349830888e-16,-1.0574768170551242e-16,-4.188060839008543e-16,-1.467884700245179,0.38850329094340724,-0.1253972569129087,0.16846818239261085,0.04582681861962677,-2.1929950098439983,-4.242955680802487,-2.6275561644896595,0.007004313326093369,-0.556098924185025,0.0
-2.077622390801153e-17,2.2195250686325599e-16,-1.7938237349830888e-16,-1.0574768170551242e-16,-4.188060839008543e-16,-1.6801153863754466,0.37066240749351975,-0.356164978062946,0.2959436278628945,0.2414262289818887,-1.8944507114902238,-2.5393217980945426,-0.39864811762211644,0.12280665936721558,0.7093563836350038,0.0
-2.077622390801153e-17,2.2195250686325599e-16,-1.7938237349830888e-16,-1.0574768170551242e-16,-4.188060839008543e-16,1.391087561932111,2.747572424300603,-0.9228546349611446,-0.3366192922962169,0.08072367458307339,1.5791544394421555,-3.3477228006420603,-3.290016413660799,1.4488758520385467,0.6554684774248212,0.0
-2.077622390801153e-17,2.2195250686325599e-16,-1.7938237349830888e-16,-1.0574768170551242e-16,-4.188060839008543e-16,-1.8449769630520532,-0.8731471508782732,0.36890727916087945,0.0035019269472199212,-0.15071842162373378,-1.754205088209927,-5.628312493319086,-2.2561563629629044,0.14335044516623827,0.5290047620375883,0.0
-2.077622390801153e-17,2.2195250686325599e-16,-1.7938237349830888e-16,-1.0574768170551242e-16,-4.188060839008543e-16,-2.6868319654563972,-0.9057390904143982,0.2728755729758612,0.23704930593303242,0.009922308746629634,-2.4980208766888246,-5.252806998674176,-3.058201018573731,-0.23928070736395127,-0.45698435354947825,0.0
-2.077622390801153e-17,2.2195250686325599e-16,-1.7938237349830888e-16,-1.0574768170551242e-16,-4.188060839008543e-16,-3.0497858258873523,-1.0951760595348623,0.3258170952346271,0.30627713318458283,0.04931009777011965,-2.7021579135016136,-7.034306641076437,-3.1880121096025076,-0.13967158085538678,0.3717345126935894,0.0
-2.077622390801153e-17,2.2195250686325599e-16,-1.7938237349830888e-16,-1.0574768170551242e-16,-4.188060839008543e-16,-2.7496104673805286,-0.6788418889132072,0.11797711838355793,0.2642015925267388,0.13906495863763513,-2.3037246277754226,-6.035507040234918,-3.015654216130512,0.016034610581036966,-0.404310095307736,0.0
-2.077622390801153e-17,2.2195250686325599e-16,-1.7938237349830888e-16,-1.0574768170551242e-16,-4.188060839008543e-16,-0.632662729468998,1.582902294160536,-0.7392434838774843,-0.5968059669974279,0.3952962994212109,-0.03618793535303304,-1.699712512204812,-0.5524030561634562,0.5152499940578731,0.7866710325566374,0.0
-2.077622390801153e-17,2.2195250686325599e-16,-1.7938237349830888e-16,-1.0574768170551242e-16,-4.188060839008543e-16,-1.9646250071792988,-1.5144595128956664,0.5369079497788659,0.2116732628903713,-0.21422260639303561,-2.0591102827016194,-4.45237255093834,-2.656577497311498,-0.06609102107000969,-0.3273696479405233,0.0
-2.077622390801153e-17,2.2195250686325599e-16,-1.7938237349830888e-16,-1.0574768170551242e-16,-4.188060839008543e-16,1.5863613868887387,2.124398541217647,0.2850359925912617,0.55260002215347,-0.39352445125564245,-1.7036501971894062,-4.416950927889798,-2.8362451018200847,-0.047825483388271174,-0.4770075252623119,0.0
-2.077622390801153e-17,2.2195250686325599e-16,-1.7938237349830888e-16,-1.0574768170551242e-16,-4.188060839008543e-16,-1.184847501156415,0.7416695407696878,-0.47084656974744554,0.565345406554447,0.1756325629692932,-2.1255403995857276,-4.809546431296925,-2.371324605674359,0.1321083657177372,-0.7002127887287602,0.0
-2.077622390801153e-17,2.2195250686325599e-16,-1.7938237349830888e-16,-1.0574768170551242e-16,-4.188060839008543e-16,2.048569589718338,-2.6434205756681632,-0.1578047729907248,-0.33846210445099123,-0.10255792878331053,1.7190033571709864,0.25145098848797365,-2.1897766357053987,1.098438981436467,-0.11273490689704078,0.0
-2.077622390801153e-17,2.2195250686325599e-16,-1.7938237349830888e-16,-1.0574768170551242e-16,-4.188060839008543e-16,1.9761463941378759,-1.4938892478305876,-1.67923055175069,0.11321874124023967,0.34003835440363805,1.741352917584795,-0.119007380369006,-2.3069869968890298,1.1670089230516234,-0.26563080790555604,0.0
-2.077622390801153e-17,2.2195250686325599e-16,-1.7938237349830888e-16,-1.0574768170551242e-16,-4.188060839008543e-16,2.482089000638184,-0.9078033866070268,-1.8367325531787049,0.5746996871975154,0.2827794274334157,1.583036622712474,0.5275403536076897,-1.8456642612529903,1.1333254329118752,-0.022589925696303855,0.0
-2.077622390801153e-17,2.2195250686325599e-16,-1.7938237349830888e-16,-1.0574768170551242e-16,-4.188060839008543e-16,3.5329779186371106,-0.23693313066039415,-0.3515732666808781,-0.3028692064113202,-0.1140914126680725,0.01048261205769456,1.0278479931715339,-0.4278733266330737,-0.0846749377729446,0.660120767432136,0.0
-2.077622390801153e-17,2.2195250686325599e-16,-1.7938237349830888e-16,-1.0574768170551242e-16,-4.188060839008543e-16,2.274563556016813,-1.9066407010605517,-1.1595442040234532,-0.6106180849790595,0.1425836273890797,1.7010367696331163,0.36332413640446487,-1.885743538627592,0.9545378403227032,-0.17185846399510749,0.0
-2.077622390801153e-17,2.2195250686325599e-16,-1.7938237349830888e-16,-1.0574768170551242e-16,-4.188060839008543e-16,0.9628958002693161,-1.616208258940474,-1.3499833371010443,-0.3770571461168389,0.3878784015976438,0.6483928309507548,0.7123978673505152,-0.6920636435379117,0.03840478228041381,0.5356315838441661,0.0
-2.077622390801153e-17,2.2195250686325599e-16,-1.7938237349830888e-16,-1.0574768170551242e-16,-4.188060839008543e-16,2.367265997246619,-2.230447382091023,-0.2722634147473689,-0.4186389029692656,-0.1601801713644953,1.6014892468160098,0.36746168315840877,-1.1118908811836798,0.6039227328193314,0.6537778258763115,0.0
-2.077622390801153e-17,2.2195250686325599e-16,-1.7938237349830888e-16,-1.0574768170551242e-16,-4.188060839008543e-16,1.3080084203061053,-2.240479075756451,-1.333790498406128,0.03590916028108902,0.263198564618337,-1.0148727878769597,0.4731955892814717,-0.4222044581442474,-0.877510165388171,0.3456666796981165,0.0
-2.077622390801153e-17,2.2195250686325599e-16,-1.7938237349830888e-16,-1.0574768170551242e-16,-4.188060839008543e-16,3.616803548109715,-1.4750544990482208,-0.9858049308715484,-0.693543374496335,0.04085953160444979,1.0340041293040003,0.4172345584179043,-1.5966916251227607,0.3577238117217858,-0.24155282393266025,0.0
-2.077622390801153e-17,2.2195250686325599e-16,-1.7938237349830888e-16,-1.0574768170551242e-16,-4.188060839008543e-16,1.9913670219537416,-1.8096703913143093,-0.5303220387468948,-0.42252922760879463,-0.06693969081811542,0.3497693244198932,0.8797635524881123,-1.2382127897373811,0.027311046626962,0.005264648202524446,0.0
-2.077622390801153e-17,2.2195250686325599e-16,-1.7938237349830888e-16,-1.0574768170551242e-16,-4.188060839008543e-16,5.055946442004988,0.35887915034220885,0.6498223568317838,0.6181795855338287,-0.13993502708170405,1.5012351181370753,0.8721451612861245,-1.6982626753300536,0.8633450761830885,-0.12595659365026535,0.0
-2.077622390801153e-17,2.2195250686325599e-16,-1.7938237349830888e-16,-1.0574768170551242e-16,-4.188060839008543e-16,0.30743436714095534,-1.9522748858411811,-1.257924080594765,0.7315699708634644,0.3280253023904509,0.48170803540398915,1.1020826100870322,-1.0951118269192135,0.007728232182980713,0.1001992959416498,0.0
-2.077622390801153e-17,2.2195250686325599e-16,-1.7938237349830888e-16,-1.0574768170551242e-16,-4.188060839008543e-16,-0.12547857104200813,0.36007944786947843,-0.8802419200229635,-0.6650737640089658,0.35473751184286106,-0.12353267322810187,-2.3911067923435314,-0.3439361938153132,0.1733418717892347,-1.6098207077214,0.0
-2.077622390801153e-17,2.2195250686325599e-16,-1.7938237349830888e-16,-1.0574768170551242e-16,-4.188060839008543e-16,-0.3107063208646945,0.13421741544680527,-0.8891942644593287,0.012098874328468172,0.328231401428421,-0.9042825364355289,-1.4062432669830758,0.7827931972177017,-0.6460753362113144,-0.6241873244068076,0.0
-2.077622390801153e-17,2.2195250686325599e-16,-1.7938237349830888e-16,-1.0574768170551242e-16,-4.188060839008543e-16,1.5419394122976255,1.8252965735369846,-1.2393826213833627,0.6134760053963548,0.12865285273751564,-0.8745413348297918,-3.582592586098337,-0.14232999093900747,0.33146829499885555,-0.7145674166158571,0.0
-2.077622390801153e-17,2.2195250686325599e-16,-1.7938237349830888e-16,-1.0574768170551242e-16,-4.188060839008543e-16,2.6809846687952454,1.7805353325089721,-1.472612911527267,-0.4489469878647093,0.1901139662201051,2.5584592809917064,-3.6731618486906163,-0.5803072428935788,2.511676620345711,-0.7765868137630657,0.0
-2.077622390801153e-17,2.2195250686325599e-16,-1.7938237349830888e-16,-1.0574768170551242e-16,-4.188060839008543e-16,-0.9396445554691004,0.0741967947600796,-0.6242550667365983,-0.37402249265902004,0.33174534415772755,-1.8617310990711378,0.8794322708902882,1.8568882041740866,-1.5960130517347242,-1.4778499747092408,0.0
-2.077622390801153e-17,2.2195250686325599e-16,-1.7938237349830888e-16,-1.0574768170551242e-16,-4.188060839008543e-16,0.006578797658862293,1.1502122467948075,-0.8738270770762834,-0.8162169994283905,0.35034686618483324,-1.0235417788943022,-0.5118442056650847,2.8790938030414175,-0.8099072299494763,0.46162116887175997,0.0
-2.077622390801153e-17,2.2195250686325599e-16,-1.7938237349830888e-16,-1.0574768170551242e-16,-4.188060839008543e-16,-1.377867203679453,-0.23664803680178345,-0.40958377148309866,-0.16950111498195383,0.2559548171052492,-1.2640199922393807,-1.6710616534331557,-0.05692180448713188,-0.7048492461136023,-1.568978404519747,0.0
-2.077622390801153e-17,2.2195250686325599e-16,-1.7938237349830888e-16,-1.0574768170551242e-16,-4.188060839008543e-16,-1.885727808936241,-0.7602714268735935,-0.2778962364922396,0.09321704483055084,0.2370110302376908,-1.4225693710126253,0.36273640948575486,1.4846778636076434,-1.021990171198357,-1.1774482711037881,0.0
-2.077622390801153e-17,2.2195250686325599e-16,-1.7938237349830888e-16,-1.0574768170551242e-16,-4.188060839008543e-16,1.9169744637169306,1.14906594913206,-0.9467405425284868,-1.0046155316967091,0.0897221340229546,-0.45405170623663443,-5.086924198789412,1.6143999084212264,0.3319379080428448,0.7831261823766134,0.0
-2.077622390801153e-17,2.2195250686325599e-16,-1.7938237349830888e-16,-1.0574768170551242e-16,-4.188060839008543e-16,-0.9108718500190449,-0.34368637152087494,-0.5044920685961074,-0.16890139993076506,0.2108465805197092,-0.31953686887659744,-1.8773368627282678,2.8278619250795023,0.011964264884565774,-0.09334737041826838,0.0
-2.077622390801153e-17,2.2195250686325599e-16,-1.7938237349830888e-16,-1.0574768170551242e-16,-4.188060839008543e-16,1.9699307286395549,1.3983903707674434,-1.2564989951192052,0.5861901783236053,0.06763425635717593,3.8491782619941777,-10.117315814502918,-3.067735514887857,4.743108536475617,0.2311668013940509,0.0
-2.077622390801153e-17,2.2195250686325599e-16,-1.7938237349830888e-16,-1.0574768170551242e-16,-4.188060839008543e-16,2.276436611676314,2.226953357020794,-1.3682427305319196,0.9698607139283654,0.04655726137956541,-1.0263904178240773,-5.597767350163187,1.8372440061301056,0.08866905300110406,1.9511345740385104,0.0
-2.077622390801153e-17,2.2195250686325599e-16,-1.7938237349830888e-16,-1.0574768170551242e-16,-4.188060839008543e-16,1.0836655926224494,-0.6311245545483855,-0.38677841860879053,-0.7034999478655904,-0.07125482301216317,-1.519666096365394,-0.020736607095380707,1.6474048990046144,0.7726507621976489,1.6957822384599142,0.0
-2.077622390801153e-17,2.2195250686325599e-16,-1.7938237349830888e-16,-1.0574768170551242e-16,-4.188060839008543e-16,0.3280869882149767,-0.5803570412217737,-0.7910965689724786,0.1353907764503852,0.12219834402403518,-2.4507827759609824,0.2785547892075158,1.201426301243319,2.348244642599011,1.6810270017982492,0.0
-2.077622390801153e-17,2.2195250686325599e-16,-1.7938237349830888e-16,-1.0574768170551242e-16,-4.188060839008543e-16,1.4729058218722382,0.6862358190099392,-1.1529785865460462,0.7698688007899847,0.059803645283982146,0.7745384615671047,1.5155137985002551,-0.394518539831075,-1.1131245784681696,2.3706457834266885,0.0
-2.077622390801153e-17,2.2195250686325599e-16,-1.7938237349830888e-16,-1.0574768170551242e-16,-4.188060839008543e-16,3.586809863667548,0.5972463090406412,-0.38273431747367875,-0.2956706764976898,-0.1297657583797599,-2.34067987481112,-0.6286014486325502,2.0881604078885765,1.8657451637595652,2.3792131158658254,0.0
-2.077622390801153e-17,2.2195250686325599e-16,-1.7938237349830888e-16,-1.0574768170551242e-16,-4.188060839008543e-16,0.1429546381565548,-0.7696033022788082,-1.0348366777660227,-0.44841010803636056,0.3585147863701982,-5.044280416901268,1.3398811788904343,0.9778672378655285,3.5542185668689124,-0.9833327026813735,0.0
-2.077622390801153e-17,2.2195250686325599e-16,-1.7938237349830888e-16,-1.0574768170551242e-16,-4.188060839008543e-16,0.2259404314782049,-1.009406135206624,-0.13306087259588203,-0.34832839440501057,-0.09409080308764933,-0.6713280237916058,0.5371613044388162,0.4560036948905888,-0.02875438939819409,0.2035350677918691,0.0
-2.077622390801153e-17,2.2195250686325599e-16,-1.7938237349830888e-16,-1.0574768170551242e-16,-4.188060839008543e-16,0.16329982235784446,-1.9478877378529862,1.2706389148035566,-0.004280679038092264,-0.39937623485205115,-2.445131811875567,1.184106949509911,0.9144581544352103,2.108256608650052,0.6910859321210444,0.0
-2.077622390801153e-17,2.2195250686325599e-16,-1.7938237349830888e-16,-1.0574768170551242e-16,-4.188060839008543e-16,0.826786167105483,-1.6818178182370138,1.9588413850792044,0.16892060525010566,-0.407468072999882,-2.08758903111918,1.8033518632645178,-0.08131813282525749,2.8218472650904567,-0.2433638991224636,0.0
-2.077622390801153e-17,2.2195250686325599e-16,-1.7938237349830888e-16,-1.0574768170551242e-16,-4.188060839008543e-16,1.6836957748413122,0.4529515363162804,-0.8980356124239645,-0.762364479854797,0.09843624943702683,-5.060495569360406,2.801263695419551,0.7317069975234658,5.511676192839817,-0.6243758261904738,0.0
-2.077622390801153e-17,2.2195250686325599e-16,-1.7938237349830888e-16,-1.0574768170551242e-16,-4.188060839008543e-16,0.3973238246870262,-0.3917407265355988,-1.2473964440211112,-0.4498770664409529,0.45600891958661177,-2.7832992730311243,0.6110813696076066,0.29233966441026465,-0.2119989937187379,-0.5947652727990266,0.0
-2.077622390801153e-17,2.2195250686325599e-16,-1.7938237349830888e-16,-1.0574768170551242e-16,-4.188060839008543e-16,3.6593296888039593,0.556147410137281,0.586157734497877,0.5685161595701175,-0.28594588727577386,-0.08974948983752065,-0.05231885825689784,1.1187049123303945,-0.014770538067741089,2.449037432556844,0.0
-2.077622390801153e-17,2.2195250686325599e-16,-1.7938237349830888e-16,-1.0574768170551242e-16,-4.188060839008543e-16,0.050421858186273046,-1.2577360720898236,-0.6514082671615292,0.5095521885775178,0.028114333843171933,0.31658517202067565,-0.7631729103914212,-0.3840024933092698,-1.3535469156893387,3.2491396512196595,0.0
-2.077622390801153e-17,2.2195250686325599e-16,-1.7938237349830888e-16,-1.0574768170551242e-16,-4.188060839008543e-16,-1.8820167638904328,-0.7078542239079043,-0.18082129566725685,-0.036516538528143995,0.17732300682544225,-0.5113471337488213,-0.1056294100845371,3.0656586132851253,-1.1667022170072772,-2.0914589259511587,0.0
-2.077622390801153e-17,2.2195250686325599e-16,-1.7938237349830888e-16,-1.0574768170551242e-16,-4.188060839008543e-16,-2.500050254586708,-1.3576595308380606,-0.20390310276599058,0.3612577286359702,0.303963811914029,0.43527003000260417,0.5145634349533345,7.247681823960279,-0.2623747774903665,1.0294411473903413,0.0
-2.077622390801153e-17,2.2195250686325599e-16,-1.7938237349830888e-16,-1.0574768170551242e-16,-4.188060839008543e-16,-1.937053993622182,-0.6721241638386192,-0.4195704168697329,0.4621767527967016,0.3273370934619078,-0.2456526322709322,0.40340064762901323,3.9281046523384666,-0.8079132150490068,-1.6130795474338426,0.0
-2.077622390801153e-17,2.2195250686325599e-16,-1.7938237349830888e-16,-1.0574768170551242e-16,-4.188060839008543e-16,0.523099582871292,0.11898617338725352,0.2150165589911184,-0.0962624665843251,-0.25195674403020146,2.306878189396717,-0.22876759782888884,2.820530084235957,0.18200297099183013,-0.4243057462072971,0.0
-2.077622390801153e-17,2.2195250686325599e-16,-1.7938237349830888e-16,-1.0574768170551242e-16,-4.188060839008543e-16,-2.427088941263356,-1.3927945424356214,0.03738548454400983,0.24110395778785285,0.10725970294450896,1.1630407607116822,-2.4649824415584325,9.5809074875245,0.2752344977638336,2.5712643027867825,0.0
-2.077622390801153e-17,2.2195250686325599e-16,-1.7938237349830888e-16,-1.0574768170551242e-16,-4.188060839008543e-16,-1.6738192256316144,-1.6046830820774882,0.1722338143868536,0.15115947510024974,-0.08832605238327149,0.3444490814225696,-0.16827119887664133,1.5768944306892376,-0.8907437751662699,-2.0853618348966867,0.0
-2.077622390801153e-17,2.2195250686325599e-16,-1.7938237349830888e-16,-1.0574768170551242e-16,-4.188060839008543e-16,0.4185248715388074,0.6247397539295066,-0.5939273188101224,-0.7708978919966294,0.10004945356393513,1.1667115389937326,-0.7987781977422579,0.883540178645896,-0.4331742359914807,-1.9454679023406838,0.0
-2.077622390801153e-17,2.2195250686325599e-16,-1.7938237349830888e-16,-1.0574768170551242e-16,-4.188060839008543e-16,-1.2311497347261118,-0.9680534885943124,-0.2997682782877432,0.13869938709291188,0.10306354199327729,0.7094681163867406,-0.7292277085230514,1.3413447096623443,-0.6825187431358457,-1.5644533984873072,0.0
-2.077622390801153e-17,2.2195250686325599e-16,-1.7938237349830888e-16,-1.0574768170551242e-16,-4.188060839008543e-16,-1.2799174871390784,-0.08806454050447389,-0.5757940282190044,-0.16741876852479667,0.3533578690444282,1.2243719551012817,-1.2501017235646608,6.452379955822182,0.48258658260900483,0.11821353783659172,0.0
-2.077622390801153e-17,2.2195250686325599e-16,-1.7938237349830888e-16,-1.0574768170551242e-16,-4.188060839008543e-16,-2.2661078854775276,-1.1120726227526496,-0.1300436559490108,0.17602486088233232,0.20443530116338354,-0.25436952587342815,-0.21038707379777594,3.4845799778168582,-0.8401290246617646,-2.003064810580657,0.0
-2.077622390801153e-17,2.2195250686325599e-16,-1.7938237349830888e-16,-1.0574768170551242e-16,-4.188060839008543e-16,-1.4185980886070622,-0.25060374655478984,-0.5988301402929919,0.476617605676816,0.3307109634437369,1.1842171530533712,-3.316162290118076,5.265600458894202,-0.5139250528292876,3.2037834783338157,0.0
-2.077622390801153e-17,2.2195250686325599e-16,-1.7938237349830888e-16,-1.0574768170551242e-16,-4.188060839008543e-16,-1.1223483484998502,-0.789862591037286,-0.012595565517429616,0.2613629779307813,-0.08072582001694746,-0.16233734718896123,-1.0046204648723758,0.8228504527632614,-1.3224546467896183,-1.4071287425771843,0.0
-2.077622390801153e-17,2.2195250686325599e-16,-1.7938237349830888e-16,-1.0574768170551242e-16,-4.188060839008543e-16,0.30032182712481986,-1.0367586050975772,-0.4614082857459533,-0.4087501652041437,0.01558814025724172,-7.091768176522018,0.6105967588223967,-0.13765874156486224,6.801682500561362,-0.3246184025638153,0.0
-2.077622390801153e-17,2.2195250686325599e-16,-1.7938237349830888e-16,-1.0574768170551242e-16,-4.188060839008543e-16,0.7319747997165509,0.16422746431777951,-0.7028990486880972,0.18430278436560424,0.013128381612633489,-9.124172810595184,3.380461650517807,2.0088638285895004,9.922642004935875,-1.3639533821198553,0.0
-2.077622390801153e-17,2.2195250686325599e-16,-1.7938237349830888e-16,-1.0574768170551242e-16,-4.188060839008543e-16,1.5367045893217084,1.5173594761441487,-1.2479273280629992,0.7947322188594933,0.1009755188989886,-2.900960046289091,0.6322730087060876,-0.24096935071365755,1.088300677685106,0.12221955682071972,0.0
-2.077622390801153e-17,2.2195250686325599e-16,-1.7938237349830888e-16,-1.0574768170551242e-16,-4.188060839008543e-16,2.889029587940308,1.1261594544634868,-0.47390999541898715,-0.29883307338842885,-0.1468987627024397,-1.6003350514382706,2.2669405535706066,-1.6300060445308102,-1.5401526204604499,2.32458069007843,0.0
-2.077622390801153e-17,2.2195250686325599e-16,-1.7938237349830888e-16,-1.0574768170551242e-16,-4.188060839008543e-16,1.2716501697036935,-0.5699988219950938,0.19720269771964175,-0.6319631029360272,-0.21767048768339736,-6.348633312174383,1.1335053804467923,0.45299146905107635,3.7499422333590093,-0.4192774248044604,0.0
-2.077622390801153e-17,2.2195250686325599e-16,-1.7938237349830888e-16,-1.0574768170551242e-16,-4.188060839008543e-16,-0.22380511995505828,-1.0900505142725723,0.5275936560203921,-0.22236396148998588,-0.27702308345760945,-6.18410305909293,0.12923675486947836,-0.08119574074152407,3.8865850013934318,-0.4528430164551957,0.0
-2.077622390801153e-17,2.2195250686325599e-16,-1.7938237349830888e-16,-1.0574768170551242e-16,-4.188060839008543e-16,-0.7533377154857479,-0.8867178248350835,0.16292913401536832,-0.1325158333128973,-0.1408009080932528,-6.145088134016069,1.1610912891006255,0.2954875080798416,4.022677273266462,-0.4355838771776993,0.0
-2.077622390801153e-17,2.2195250686325599e-16,-1.7938237349830888e-16,-1.0574768170551242e-16,-4.188060839008543e-16,-0.17469449960387173,-0.833465484179058,0.23373234840043,0.1099066572509365,-0.25541466736283386,-7.080210843718156,2.9190424886020683,2.3686564910802024,4.915630423925544,-0.0687179417292904,0.0
-2.077622390801153e-17,2.2195250686325599e-16,-1.7938237349830888e-16,-1.0574768170551242e-16,-4.188060839008543e-16,1.193028027189276,0.4580099640519763,-0.3963905828496269,-0.6119346964938236,-0.06881629823021802,3.821765618444398e-16,5.3978352835902587e-17,-5.4856483986913626e-17,2.5702124354132337e-16,-3.516171722762991e-17,0.0
-2.077622390801153e-17,2.2195250686325599e-16,-1.7938237349830888e-16,-1.0574768170551242e-16,-4.188060839008543e-16,1.2606162970357686,0.17396931615039432,-0.4986174539820443,-0.7094926070084293,-0.02944295876600088,3.821765618444398e-16,5.3978352835902587e-17,-5.4856483986913626e-17,2.5702124354132337e-16,-3.516171722762991e-17,0.0
-2.077622390801153e-17,2.2195250686325599e-16,-1.7938237349830888e-16,-1.0574768170551242e-16,-4.188060839008543e-16,1.8823922065299845,0.5428874535567447,-1.3339412785472249,0.5657857721126123,0.11714948425463133,3.821765618444398e-16,5.3978352835902587e-17,-5.4856483986913626e-17,2.5702124354132337e-16,-3.516171722762991e-17,0.0
-2.077622390801153e-17,2.2195250686325599e-16,-1.7938237349830888e-16,-1.0574768170551242e-16,-4.188060839008543e-16,2.6274187925144177,0.41187384629831253,0.057613719628307664,0.8521755424461237,-0.31637409787546517,3.821765618444398e-16,5.3978352835902587e-17,-5.4856483986913626e-17,2.5702124354132337e-16,-3.516171722762991e-17,0.0
-2.077622390801153e-17,2.2195250686325599e-16,-1.7938237349830888e-16,-1.0574768170551242e-16,-4.188060839008543e-16,-2.1039949302737777,0.28419036791215124,0.6330774896258257,-0.21744175496484203,-0.22891919344473557,3.821765618444398e-16,5.3978352835902587e-17,-5.4856483986913626e-17,2.5702124354132337e-16,-3.516171722762991e-17,0.0
-2.077622390801153e-17,2.2195250686325599e-16,-1.7938237349830888e-16,-1.0574768170551242e-16,-4.188060839008543e-16,-2.495075211660386,1.2453647599897182,0.03485925215411098,0.18261273299140524,0.1965948328098471,3.821765618444398e-16,5.3978352835902587e-17,-5.4856483986913626e-17,2.5702124354132337e-16,-3.516171722762991e-17,0.0
-2.077622390801153e-17,2.2195250686325599e-16,-1.7938237349830888e-16,-1.0574768170551242e-16,-4.188060839008543e-16,-1.5742357688230342,1.5489003093792504,-0.15533799076340213,0.7068813661925785,0.038513672122154945,3.821765618444398e-16,5.3978352835902587e-17,-5.4856483986913626e-17,2.5702124354132337e-16,-3.516171722762991e-17,0.0
-2.077622390801153e-17,2.2195250686325599e-16,-1.7938237349830888e-16,-1.0574768170551242e-16,-4.188060839008543e-16,3.0896012712772216,0.29679219802394863,3.1415090366858203,-0.09828199114931287,-0.12690427529605408,3.821765618444398e-16,5.3978352835902587e-17,-5.4856483986913626e-17,2.5702124354132337e-16,-3.516171722762991e-17,0.0
-2.077622390801153e-17,2.2195250686325599e-16,-1.7938237349830888e-16,-1.0574768170551242e-16,-4.188060839008543e-16,-1.0631541450217787,-0.6214281495617949,2.5188462715730937,-0.08903954716569457,-0.5820128309485091,3.821765618444398e-16,5.3978352835902587e-17,-5.4856483986913626e-17,2.5702124354132337e-16,-3.516171722762991e-17,0.0
-2.077622390801153e-17,2.2195250686325599e-16,-1.7938237349830888e-16,-1.0574768170551242e-16,-4.188060839008543e-16,-2.8852147511628297,1.3809618743293057,0.08037509366463062,-0.23158771629037467,0.3348646485957827,3.821765618444398e-16,5.3978352835902587e-17,-5.4856483986913626e-17,2.5702124354132337e-16,-3.516171722762991e-17,0.0
-2.077622390801153e-17,2.2195250686325599e-16,-1.7938237349830888e-16,-1.0574768170551242e-16,-4.188060839008543e-16,-4.210199745474985,-0.4289098200482089,0.5552976513968958,0.3918597490988039,0.19299589468647738,3.821765618444398e-16,5.3978352835902587e-17,-5.4856483986913626e-17,2.5702124354132337e-16,-3.516171722762991e-17,0.0
-2.077622390801153e-17,2.2195250686325599e-16,-1.7938237349830888e-16,-1.0574768170551242e-16,-4.188060839008543e-16,-3.384151199063828,0.5657307373867185,0.2296915428863343,0.09848788087020922,0.2904738018880381,3.821765618444398e-16,5.3978352835902587e-17,-5.4856483986913626e-17,2.5702124354132337e-16,-3.516171722762991e-17,0.0
-2.077622390801153e-17,2.2195250686325599e-16,-1.7938237349830888e-16,-1.0574768170551242e-16,-4.188060839008543e-16,4.5073654694318765,1.078544745728407,7.15585345557842,-0.7426561861353786,1.0017708730923247,3.821765618444398e-16,5.3978352835902587e-17,-5.4856483986913626e-17,2.5702124354132337e-16,-3.516171722762991e-17,0.0
-2.077622390801153e-17,2.2195250686325599e-16,-1.7938237349830888e-16,-1.0574768170551242e-16,-4.188060839008543e-16,-1.758278751014959,-0.7285162658708793,0.7037929189965489,0.07169785431949509,-0.3020908713233341,3.821765618444398e-16,5.3978352835902587e-17,-5.4856483986913626e-17,2.5702124354132337e-16,-3.516171722762991e-17,0.0
-2.077622390801153e-17,2.2195250686325599e-16,-1.7938237349830888e-16,-1.0574768170551242e-16,-4.188060839008543e-16,7.269039106910153,1.0261197457915547,11.154843367175598,1.240882955462684,3.0237267110648958,3.821765618444398e-16,5.3978352835902587e-17,-5.4856483986913626e-17,2.5702124354132337e-16,-3.516171722762991e-17,0.0
-2.077622390801153e-17,2.2195250686325599e-16,-1.7938237349830888e-16,-1.0574768170551242e-16,-4.188060839008543e-16,3.8937250911894665,2.1421977784557398,-0.48800102674398455,0.9767543224304857,-0.33387718899148755,3.821765618444398e-16,5.3978352835902587e-17,-5.4856483986913626e-17,2.5702124354132337e-16,-3.516171722762991e-17,0.0
-2.077622390801153e-17,2.2195250686325599e-16,-1.7938237349830888e-16,-1.0574768170551242e-16,-4.188060839008543e-16,-1.8193524611077343,0.8301615501378645,-0.38347513607386335,-0.36695915623480113,0.40604688036409886,3.821765618444398e-16,5.3978352835902587e-17,-5.4856483986913626e-17,2.5702124354132337e-16,-3.516171722762991e-17,0.0
-2.077622390801153e-17,2.2195250686325599e-16,-1.7938237349830888e-16,-1.0574768170551242e-16,-4.188060839008543e-16,-1.8361544273883614,0.04844582553471876,-0.10193488538232474,0.2155871194973267,0.10435592901003668,3.821765618444398e-16,5.3978352835902587e-17,-5.4856483986913626e-17,2.5702124354132337e-16,-3.516171722762991e-17,0.0
-2.077622390801153e-17,2.2195250686325599e-16,-1.7938237349830888e-16,-1.0574768170551242e-16,-4.188060839008543e-16,0.035699195259499654,2.2106270472057914,-0.8909248094194313,0.5955280035922446,0.21349190385209443,3.821765618444398e-16,5.3978352835902587e-17,-5.4856483986913626e-17,2.5702124354132337e-16,-3.516171722762991e-17,0.0
-2.077622390801153e-17,2.2195250686325599e-16,-1.7938237349830888e-16,-1.0574768170551242e-16,-4.188060839008543e-16,0.08967309603954016,2.142826273634112,-0.878891065053413,-0.15043632996056902,0.27918083049983333,3.821765618444398e-16,5.3978352835902587e-17,-5.4856483986913626e-17,2.5702124354132337e-16,-3.516171722762991e-17,0.0
-2.077622390801153e-17,2.2195250686325599e-16,-1.7938237349830888e-16,-1.0574768170551242e-16,-4.188060839008543e-16,-1.6858190083811935,0.313715071706497,-0.2247695787236421,-0.3199820507178419,0.21476824546778966,3.821765618444398e-16,5.3978352835902587e-17,-5.4856483986913626e-17,2.5702124354132337e-16,-3.516171722762991e-17,0.0
-2.077622390801153e-17,2.2195250686325599e-16,-1.7938237349830888e-16,-1.0574768170551242e-16,-4.188060839008543e-16,-2.336722171735204,-0.5065425054866519,-0.027630522065196443,0.03060501324375755,0.17858039354306507,3.821765618444398e-16,5.3978352835902587e-17,-5.4856483986913626e-17,2.5702124354132337e-16,-3.516171722762991e-17,0.0
-2.077622390801153e-17,2.2195250686325599e-16,-1.7938237349830888e-16,-1.0574768170551242e-16,-4.188060839008543e-16,-0.7310369552462624,0.726395003848867,-0.09302248878524168,-0.5595155175137251,-0.012458808235075856,3.821765618444398e-16,5.3978352835902587e-17,-5.4856483986913626e-17,2.5702124354132337e-16,-3.516171722762991e-17,0.0
-2.077622390801153e-17,2.2195250686325599e-16,-1.7938237349830888e-16,-1.0574768170551242e-16,-4.188060839008543e-16,0.12871468747263795,2.2476926484133104,-0.7485824892135399,-0.2841190224128948,0.19740115620818688,3.821765618444398e-16,5.3978352835902587e-17,-5.4856483986913626e-17,2.5702124354132337e-16,-3.516171722762991e-17,0.0
-2.077622390801153e-17,2.2195250686325599e-16,-1.7938237349830888e-16,-1.0574768170551242e-16,-4.188060839008543e-16,-1.0228794966436885,0.7203261494936871,-0.4209717647836235,-0.30387904850455544,0.20415858520281235,3.821765618444398e-16,5.3978352835902587e-17,-5.4856483986913626e-17,2.5702124354132337e-16,-3.516171722762991e-17,0.0
-2.077622390801153e-17,2.2195250686325599e-16,-1.7938237349830888e-16,-1.0574768170551242e-16,-4.188060839008543e-16,-2.3008508044916187,-0.19012656338232264,-0.15218431788768094,0.05180058711388238,0.2686465762478736,3.821765618444398e-16,5.3978352835902587e-17,-5.4856483986913626e-17,2.5702124354132337e-16,-3.516171722762991e-17,0.0
-2.077622390801153e-17,2.2195250686325599e-16,-1.7938237349830888e-16,-1.0574768170551242e-16,-4.188060839008543e-16,-0.31708062003052595,1.5822402082371467,-0.6115875333736851,0.5394014661252988,0.0959919492697239,3.821765618444398e-16,5.3978352835902587e-17,-5.4856483986913626e-17,2.5702124354132337e-16,-3.516171722762991e-17,0.0
-2.077622390801153e-17,2.2195250686325599e-16,-1.7938237349830888e-16,-1.0574768170551242e-16,-4.188060839008543e-16,1.0766451653332818,2.6977606868019004,-0.7919767140961723,0.7164698437852429,-0.06867212747362975,3.821765618444398e-16,5.3978352835902587e-17,-5.4856483986913626e-17,2.5702124354132337e-16,-3.516171722762991e-17,0.0
-2.077622390801153e-17,2.2195250686325599e-16,-1.7938237349830888e-16,-1.0574768170551242e-16,-4.188060839008543e-16,0.6521468976277927,-0.8388488879579575,1.3006682865506494,-0.42900468814368237,-0.3571617661900856,3.821765618444398e-16,5.3978352835902587e-17,-5.4856483986913626e-17,2.5702124354132337e-16,-3.516171722762991e-17,0.0
-2.077622390801153e-17,2.2195250686325599e-16,-1.7938237349830888e-16,-1.0574768170551242e-16,-4.188060839008543e-16,-1.1227917352758405,-0.5097506221601297,-0.07957149574664417,0.20377396867028044,-0.0343495527137856,3.821765618444398e-16,5.3978352835902587e-17,-5.4856483986913626e-17,2.5702124354132337e-16,-3.516171722762991e-17,0.0
-2.077622390801153e-17,2.2195250686325599e-16,-1.7938237349830888e-16,-1.0574768170551242e-16,-4.188060839008543e-16,-0.1402075861880587,-0.4813762505297927,-0.08363071431908226,0.6593848521674982,-0.19939784827315055,3.821765618444398e-16,5.3978352835902587e-17,-5.4856483986913626e-17,2.5702124354132337e-16,-3.516171722762991e-17,0.0
-2.077622390801153e-17,2.2195250686325599e-16,-1.7938237349830888e-16,-1.0574768170551242e-16,-4.188060839008543e-16,3.1745727986233687,-0.2227278200024876,2.748139965614962,-0.1821905073844022,-0.17816146179265402,3.821765618444398e-16,5.3978352835902587e-17,-5.4856483986913626e-17,2.5702124354132337e-16,-3.516171722762991e-17,0.0
-2.077622390801153e-17,2.2195250686325599e-16,-1.7938237349830888e-16,-1.0574768170551242e-16,-4.188060839008543e-16,0.27136088497168975,-1.5089194462683833,2.068528640486347,-0.15815073361597728,-0.500079547469301,3.821765618444398e-16,5.3978352835902587e-17,-5.4856483986913626e-17,2.5702124354132337e-16,-3.516171722762991e-17,0.0
-2.077622390801153e-17,2.2195250686325599e-16,-1.7938237349830888e-16,-1.0574768170551242e-16,-4.188060839008543e-16,-1.755049254924526,-1.6814914582487674,1.9510921158641816,0.26133010332778,-0.5637942241188844,3.821765618444398e-16,5.3978352835902587e-17,-5.4856483986913626e-17,2.5702124354132337e-16,-3.516171722762991e-17,0.0
-2.077622390801153e-17,2.2195250686325599e-16,-1.7938237349830888e-16,-1.0574768170551242e-16,-4.188060839008543e-16,-1.5300107849443503,-1.6681856994638344,2.16653797581341,0.183305226750343,-0.5721053407975416,3.821765618444398e-16,5.3978352835902587e-17,-5.4856483986913626e-17,2.5702124354132337e-16,-3.516171722762991e-17,0.0
-2.077622390801153e-17,2.2195250686325599e-16,-1.7938237349830888e-16,-1.0574768170551242e-16,-4.188060839008543e-16,-0.6769687728272781,-1.8191658777296649,1.9746129711956766,0.21776590402315818,-0.5176834197040853,3.821765618444398e-16,5.3978352835902587e-17,-5.4856483986913626e-17,2.5702124354132337e-16,-3.516171722762991e-17,0.0
-2.077622390801153e-17,2.2195250686325599e-16,-1.7938237349830888e-16,-1.0574768170551242e-16,-4.188060839008543e-16,2.124666757133951,0.0509349087429769,0.840928921954748,-0.6393178087599763,-0.37070378500714496,3.821765618444398e-16,5.3978352835902587e-17,-5.4856483986913626e-17,2.5702124354132337e-16,-3.516171722762991e-17,0.0
-2.077622390801153e-17,2.2195250686325599e-16,-1.7938237349830888e-16,-1.0574768170551242e-16,-4.188060839008543e-16,0.23026537502738617,-1.3404157567604935,1.7365710046164142,-0.07776200112263476,-0.48500038652754196,3.821765618444398e-16,5.3978352835902587e-17,-5.4856483986913626e-17,2.5702124354132337e-16,-3.516171722762991e-17,0.0
-2.077622390801153e-17,2.2195250686325599e-16,-1.7938237349830888e-16,-1.0574768170551242e-16,-4.188060839008543e-16,3.031184919735027,0.09008836693946035,3.7747767121206373,0.5725609480143579,-0.08124737068772948,3.821765618444398e-16,5.3978352835902587e-17,-5.4856483986913626e-17,2.5702124354132337e-16,-3.516171722762991e-17,0.0
-2.077622390801153e-17,2.2195250686325599e-16,-1.7938237349830888e-16,-1.0574768170551242e-16,-4.188060839008543e-16,-0.2038304350643181,0.04544003040579433,-0.1833526908291048,0.5376787353908667,-0.148052552964184,3.821765618444398e-16,5.3978352835902587e-17,-5.4856483986913626e-17,2.5702124354132337e-16,-3.516171722762991e-17,0.0
-2.077622390801153e-17,2.2195250686325599e-16,-1.7938237349830888e-16,-1.0574768170551242e-16,-4.188060839008543e-16,-0.031832628833864306,0.8950407137679,0.267083175359673,-0.7847273836628624,-0.2336586922605261,3.821765618444398e-16,5.3978352835902587e-17,-5.4856483986913626e-17,2.5702124354132337e-16,-3.516171722762991e-17,0.0
-2.077622390801153e-17,2.2195250686325599e-16,-1.7938237349830888e-16,-1.0574768170551242e-16,-4.188060839008543e-16,-0.3669463126006947,1.4697590891959262,-0.8362406286720744,-0.06991350271390086,0.33932650119415664,3.821765618444398e-16,5.3978352835902587e-17,-5.4856483986913626e-17,2.5702124354132337e-16,-3.516171722762991e-17,0.0
-2.077622390801153e-17,2.2195250686325599e-16,-1.7938237349830888e-16,-1.0574768170551242e-16,-4.188060839008543e-16,1.777024708650809,3.264716288154196,-0.8572480541791366,0.8311400961676267,-0.1341507718727328,3.821765618444398e-16,5.3978352835902587e-17,-5.4856483986913626e-17,2.5702124354132337e-16,-3.516171722762991e-17,0.0
-2.077622390801153e-17,2.2195250686325599e-16,-1.7938237349830888e-16,-1.0574768170551242e-16,-4.188060839008543e-16,2.622174263528512,0.9712969634235383,-0.5871642996524187,-0.36687454083204224,-0.11533274422589167,3.821765618444398e-16,5.3978352835902587e-17,-5.4856483986913626e-17,2.5702124354132337e-16,-3.516171722762991e-17,0.0
-2.077622390801153e-17,2.2195250686325599e-16,-1.7938237349830888e-16,-1.0574768170551242e-16,-4.188060839008543e-16,0.09931185886524076,0.8012920254196615,0.2725241391298532,-0.7871723915906774,-0.2290184446775239,3.821765618444398e-16,5.3978352835902587e-17,-5.4856483986913626e-17,2.5702124354132337e-16,-3.516171722762991e-17,0.0
-2.077622390801153e-17,2.2195250686325599e-16,-1.7938237349830888e-16,-1.0574768170551242e-16,-4.188060839008543e-16,0.14240367930163444,0.3487919403050635,-0.46856469958901703,-0.7040828343223351,0.06926544304577535,3.821765618444398e-16,5.3978352835902587e-17,-5.4856483986913626e-17,2.5702124354132337e-16,-3.516171722762991e-17,0.0
-2.077622390801153e-17,2.2195250686325599e-16,-1.7938237349830888e-16,-1.0574768170551242e-16,-4.188060839008543e-16,1.2630682948877283,0.4385543217066906,0.01948907426157016,-0.859337132126801,-0.17350709798458722,3.821765618444398e-16,5.3978352835902587e-17,-5.4856483986913626e-17,2.5702124354132337e-16,-3.516171722762991e-17,0.0
-2.077622390801153e-17,2.2195250686325599e-16,-1.7938237349830888e-16,-1.0574768170551242e-16,-4.188060839008543e-16,-0.27499111386797226,0.7384607299918601,-0.659826124449287,-0.15567925818847453,0.19030702207063763,3.821765618444398e-16,5.3978352835902587e-17,-5.4856483986913626e-17,2.5702124354132337e-16,-3.516171722762991e-17,0.0
-2.077622390801153e-17,2.2195250686325599e-16,-1.7938237349830888e-16,-1.0574768170551242e-16,-4.188060839008543e-16,0.706992168725983,1.7985008935400244,-0.1870588059925049,-0.8560404425826346,-0.09868711915424616,3.821765618444398e-16,5.3978352835902587e-17,-5.4856483986913626e-17,2.5702124354132337e-16,-3.516171722762991e-17,0.0
-2.077622390801153e-17,2.2195250686325599e-16,-1.7938237349830888e-16,-1.0574768170551242e-16,-4.188060839008543e-16,-1.5745986466865471,-0.038581289772150563,-0.051921559047546806,-0.11168527933238107,0.05651124070885345,3.821765618444398e-16,5.3978352835902587e-17,-5.4856483986913626e-17,2.5702124354132337e-16,-3.516171722762991e-17,0.0
-2.077622390801153e-17,2.2195250686325599e-16,-1.7938237349830888e-16,-1.0574768170551242e-16,-4.188060839008543e-16,4.021111106528028,1.234566940093084,-1.3799628285229197,0.8043129749238761,-0.09736773615162679,3.821765618444398e-16,5.3978352835902587e-17,-5.4856483986913626e-17,2.5702124354132337e-16,-3.516171722762991e-17,0.0
-2.077622390801153e-17,2.2195250686325599e-16,-1.7938237349830888e-16,-1.0574768170551242e-16,-4.188060839008543e-16,3.0432968287697664,0.8312469591240152,-0.7279475343401205,0.9053614263783503,-0.19822779209571062,3.821765618444398e-16,5.3978352835902587e-17,-5.4856483986913626e-17,2.5702124354132337e-16,-3.516171722762991e-17,0.0
-2.077622390801153e-17,2.2195250686325599e-16,-1.7938237349830888e-16,-1.0574768170551242e-16,-4.188060839008543e-16,-1.6585981007272088,-1.8243843162743703,-0.3823352045137375,0.18277591557335462,0.2337676186910379,3.821765618444398e-16,5.3978352835902587e-17,-5.4856483986913626e-17,2.5702124354132337e-16,-3.516171722762991e-17,0.0
-2.077622390801153e-17,2.2195250686325599e-16,-1.7938237349830888e-16,-1.0574768170551242e-16,-4.188060839008543e-16,1.0484912674891866,-0.42725074717073463,-0.4743896044002484,0.07564249840840295,-0.0979870944196271,3.821765618444398e-16,5.3978352835902587e-17,-5.4856483986913626e-17,2.5702124354132337e-16,-3.516171722762991e-17,0.0
-2.077622390801153e-17,2.2195250686325599e-16,-1.7938237349830888e-16,-1.0574768170551242e-16,-4.188060839008543e-16,-0.7781862186420342,-0.81149866477301,-0.9266242548948109,0.4970658209250333,0.40519097511395813,3.821765618444398e-16,5.3978352835902587e-17,-5.4856483986913626e-17,2.5702124354132337e-16,-3.516171722762991e-17,0.0
-2.077622390801153e-17,2.2195250686325599e-16,-1.7938237349830888e-16,-1.0574768170551242e-16,-4.188060839008543e-16,2.9357442121234834,-0.669688391447299,2.4064562740090327,-0.11110032881804263,-0.11135848270828845,3.821765618444398e-16,5.3978352835902587e-17,-5.4856483986913626e-17,2.5702124354132337e-16,-3.516171722762991e-17,0.0
-2.077622390801153e-17,2.2195250686325599e-16,-1.7938237349830888e-16,-1.0574768170551242e-16,-4.188060839008543e-16,-0.6874871114555916,-0.8858794227813287,-0.6194170289951262,-0.2463240951630162,0.22866643194818653,3.821765618444398e-16,5.3978352835902587e-17,-5.4856483986913626e-17,2.5702124354132337e-16,-3.516171722762991e-17,0.0
-2.077622390801153e-17,2.2195250686325599e-16,-1.7938237349830888e-16,-1.0574768170551242e-16,-4.188060839008543e-16,0.25455429835621907,-0.6489529769294937,-1.0019762450802239,-0.4601816734636393,0.31540634337202555,3.821765618444398e-16,5.3978352835902587e-17,-5.4856483986913626e-17,2.5702124354132337e-16,-3.516171722762991e-17,0.0
-2.077622390801153e-17,2.2195250686325599e-16,-1.7938237349830888e-16,-1.0574768170551242e-16,-4.188060839008543e-16,0.8364941100309707,-1.111226854651775,0.034154417355607244,-0.4209770690259719,-0.13656780998913878,3.821765618444398e-16,5.3978352835902587e-17,-5.4856483986913626e-17,2.5702124354132337e-16,-3.516171722762991e-17,0.0
-2.077622390801153e-17,2.2195250686325599e-16,-1.7938237349830888e-16,-1.0574768170551242e-16,-4.188060839008543e-16,0.46466364552917583,-1.1421240355443656,-0.9199470712143681,0.08298702946417427,0.1649798882672911,3.821765618444398e-16,5.3978352835902587e-17,-5.4856483986913626e-17,2.5702124354132337e-16,-3.516171722762991e-17,0.0
-2.0776248974102043e-17,2.219525296196371e-16,-1.7938237705466197e-16,-1.0574769796342319e-16,-4.188060589580261e-16,3.666622367205459,-2.0041610188572623,4.197566264544743,-0.2607008461213636,0.3377787990251683,3.821765618444398e-16,5.3978352835902587e-17,-5.4856483986913626e-17,2.5702124354132337e-16,-3.516171722762991e-17,0.0
-2.0776248974102043e-17,2.219525296196371e-16,-1.7938237705466197e-16,-1.0574769796342319e-16,-4.188060589580261e-16,-0.13781437664870425,-0.3243452180098441,-0.5345275372824532,-0.4183619170023225,0.1228148403325062,3.821765618444398e-16,5.3978352835902587e-17,-5.4856483986913626e-17,2.5702124354132337e-16,-3.516171722762991e-17,0.0
-2.0776248974102043e-17,2.219525296196371e-16,-1.7938237705466197e-16,-1.0574769796342319e-16,-4.188060589580261e-16,0.4107526521792365,0.3045188838415028,-1.012455541666612,0.3396672954530522,0.2123946910600483,3.821765618444398e-16,5.3978352835902587e-17,-5.4856483986913626e-17,2.5702124354132337e-16,-3.516171722762991e-17,0.0
-2.0776248974102043e-17,2.219525296196371e-16,-1.7938237705466197e-16,-1.0574769796342319e-16,-4.188060589580261e-16,-2.0228471864082636,-2.4297438871776174,-0.4149190142502358,0.40266590296348453,0.3077306417307098,3.821765618444398e-16,5.3978352835902587e-17,-5.4856483986913626e-17,2.5702124354132337e-16,-3.516171722762991e-17,0.0
